path,duration,transcript
881897068939900.mp3,45.12,dạ mobifone xin nghe em là minh anh có thể giúp được gì cho anh chị ạ chị kiểm tra giùm em cái số điện thoại này gọi lên đó em mới cài ba g d mười á mà không hoạt động không chạy được luôn á chị dạ vâng rất xin lỗi về sự bất tiện này cho em xin anh tên gì để em tiện xưng hô được không ạ dạ em tên minh dạ em chào anh minh số anh minh đây em kiểm tra là đúng là có đăng ký gói cước d mười cho mọi thiết bị di động máy ba g bốn g hay kiểu gì vậy anh minh à vậy hả chị vâng hỗ trợ download là mở đường truyền truy cập mạng cho sim của anh minh lại kết thúc cuộc gọi này anh thông cảm tắt nguồn máy hai phút sau anh mở nguồn nên bật lại dùng lại thử xem được chưa nha được rồi ok em cám ơn chị mình cần hỗ trợ thông tin
881897068939901.mp3,145.02,dạ mobifone xin nghe em tên lý em xin phép hỗ trợ anh chị ạ em ơi cho chị hỏi là cái sim của chị sao không có gửi được tin nhắn báo lỗi ba tám là sao số điện thoại chị đang gọi cho em đúng không ạ đúng rồi chị gửi tin nhắn thông thường hay là gửi từ đầu số tổng đài gửi tin nhắn chị chị gửi tin nhắn thông thường phải không ạ đúng rồi vâng thế chị gửi bình thường thôi nhưng mà nó báo là lỗi ba tám này là sao vui lòng cho biết tên của chị được không ạ chị tên thúy em chào chị thúy ạ à trước tiên chị thúy là chủ thuê bao luôn phải không ạ không chị chưa đăng ký chính chủ trường hợp để đảm bảo quyền sở hữu thuê bao ngoài giữ liên lạc thông suốt chị vui lòng nhanh chóng cập nhật thông tin theo đúng quy định nhà nước giúp em không biết chị thúy đang ở khu vực tỉnh thành nào vậy chị ở thành phố hồ chí minh khi nào được chị vui lòng đem căn cước công dân mang theo liên hệ trực tiếp cửa hàng để cập nhật thông tin cửa hàng mobifone chị biết rồi phải không ạ biết rồi em còn chuyện chị gửi tin nhắn không được rồi chị gửi tin nhắn nội mạng hay ngoại mạng gọi nội mạng ngoại mạng gì cũng không được hết á kiểm tra trên hệ thống vào số thuê bao của chị chỉ gửi tin nhắn nội mạng thôi còn ngoại mạng tài khoản không đủ nên không có gửi được chị kiểm tra ấy hả mà lỗi ba tám là lỗi gì em đúng xem kiểm tra số thuê bao của chị hiện tại tài khoản không đủ để gửi tin nhắn ngoại mạng thôi chứ còn cái phút gọi tin nhắn nội mạng thôi và chị kiểm tra giúp em chỉ gửi cho số điện thoại nào mà không được vui lòng cho em xin số ờ không chín bốn một tắm chín tám chín bảy một tám sáu không chín bốn một tám chín bảy một bảy sáu đúng rồi một tám sáu em đang sửa lại một tám sáu em kiểm tra đầu không chín bốn sáu là gọi ngoại mạng rồi chị à là vậy á hả nếu được chị thông cảm và trả thêm tiền gửi thử giúp em ạ rồi ok em hỏi nếu không được nữa thì sao không được chị gọi lên tổng đài để kiểm tra lại chị gửi tin nhắn qua số điện thoại mobifone thử giúp em được không ạ còn số hoạt động hai triệu bình thường không có chặn tin nhắn ạ rồi ok dạ đúng rồi
881897068939902.mp3,128.52,dạ mobifone xin nghe em là xuân có thể giúp gì cho anh chị ạ à cho em hỏi cái số cái số mà không ba bảy ba chín năm ba tám không nữa rồi sao mà bây giờ gọi không được thì sao anh đọc lại số giúp em với ạ không chín ba bảy dạ rồi ba chín năm ba tám không anh cho em hỏi mình tên gì để em dễ xưng hô ạ à vũ thị thu thủy dạ em chào ý là anh tên gì em tiện xưng hô với anh ạ anh tên hùng em chào anh hùng nha số thuê bao này của anh vừa mới đọc thì hiện tại lâu ngày quá mình không có sử dụng sim bị hủy số gọi không nghe được gì nữa đâu ạ vậy giờ khôi phục lại được không trường hợp này nếu anh muốn khôi phục lại số thì liên hệ vào cửa hàng á anh hỏi thử xem số này có thể đăng ký lại được hay không thì mình đăng ký lại nhá ờ tối ra cửa hàng á hả cửa hàng mobifine á hả dạ anh phải ra cửa hàng của mobifone anh hỏi thử xem số này có thể lấy lại được hay không thì anh mua lại dạ dạ rồi cảm ơn nha em cám ơn anh hùng xin lỗi trường hợp này của anh hiện tại anh cần em cung cấp cho anh địa chỉ của hàng không anh hùng dạ anh cần cung cấp địa chỉ cửa hàng cho anh không ạ chỗ trường chinh ở chỗ nào chỗ gần nhất á anh ở thành phố hồ chí minh hả anh ở thành phố hồ chí minh mở chợ bà quẹo á dạ ở tân bình thì có một cửa hàng ở ba một bốn b trường chinh phường mười ba quận tân bình anh nhá rồi ba một bốn b dạ đúng rồi ba một bốn b trường chinh làm việc từ thứ 2 đến thứ 6 từ 7 rưỡi 8h tối thứ 7 chủ nhật từ 8h sáng tới 6h tối anh nha rồi rồi rồi dạ vâng ạ anh cần hỗ trợ vấn đề gì nữa không ạ dạ không cảm ơn nha dạ vậy khi cần hỗ trợ anh gọi lại em cám ơn em chào anh ạ rồi chào em dạ anh vui lòng gác máy trước giúp em đi anh nha dạ rồi dạ rồi
881897068939903.mp3,54.6,dạ mobifone xin nghe em tên trang xin phép hỗ trợ cho anh chị ừ anh có sử dụng dịch vụ chuyển tiền là 0 9 cái sim nói như thế nào nếu được duy trì dạ muốn kiểm tra tài khoản mobile nhá tài khoản mobile trả trước giúp em nha em đang giúp chị với anh huy đúng không ạ cái số điện thoại nanyang chỉ luôn hay sao anh huy ừ nếu anh chịu ừ nếu mà chuyển tiền hehehe what sinh hoạt động 2 chiều thứ 2 nữa là nó hoạt động được 365 ngày chứ anh không nghĩ tới 077 654 4869 vâng anh chờ máy em kiểm tra rồi ạ
881897068939904.mp3,90.9,dạ mobifone xin nghe em là dung em có thể hỗ trợ gì cho anh chị ây em đăng ký giùm cho chị cái mạng mà bốn g mà tháng chín chục ngàn á em mà sao sao hồi sáng hồi trưa nay mới đăng ký cho chị mười ngìn đã xài không được luôn á bực mình mới nạp vô trăm ngàn để em đăng ký giùm cho chị một tháng chín chục ngàn nha em xin lỗi chị về sự bất tiện này số đang gọi tổng đài luôn hả chị ừ chị huệ chị huệ đăng ký gói cước tháng chín mươi ngàn có nhu cầu gọi thêm gì không hay là chị chỉ lướt web thôi chị huệ vừa rồi chị đăng ký ký chín mươi ngàn nó có cuộc gọi miễn phí được nữa mà dùng mạng vô tư đó mà dịch vụ là sáu tư ghi mỗi ngày chị hết thì ngắt kết nối luôn chứ không có dùng miễn phí được hết dung lượng nó ngắt kết nối và ngoài ra thì bên em cũng có cái gói cước khác khuyến mãi nhiều hơn chị có muốn tìm hiểu thêm không có gói cước nào nữa à chị đăng ký gói cước này chị có nhu cầu gọi thêm nữa hả ý là vừa rồi chị gọi ra đăng ký gói cước là chín mươi ngày đó có miễn phí gọi nữa nhưng mà bên đây gọi bên kia nghe nói lạ sao á bây giờ chị đăng ký gói cước cũ đúng không đúng rồi dạ vậy em đăng ký gói cũ giúp chị nha ừ đăng ký liền giùm chị cái em gói một tháng chín chục ngàn đúng hông dạ vâng có số chứng minh cũ đã sắp xếp quy định rõ thì chị cũng biết hết rồi đúng không chị huệ rồi rồi rồi rồi giờ em đăng ký giùm chị liền ha kết thúc cuộc gọi cái thông báo đăng ký thành công tác luồng hai phút khởi động lại máy dùm em rồi rồi ok dạ với dữ liệu về xài sim bốn g thì mình phải tắt đi bật lại dạ chị cần thông tin gì khác nữa không ạ
881897068939905.mp3,272.1,dạ em cám ơn vì đã chờ máy ạ rồi dạ em xin lỗi vì chờ máy lâu nha thì à ừ cái này là cục trưởng ừ cục trưởng cảnh sát quảng ninh hành chính và chữ đằng sau nữa là chữ viết tắt đó anh ừ chào e dạ hai chữ t một chữ s chứ dạ là chứ viết tắt của cục trưởng cục cảnh sát cơ quản lý hành chính và trực thuộc xã hội ạ l viết tắt là cái gì em dạ anh muốn bên em kiểm tra lại về vấn đề này để chỉnh sửa lại đúng không ạ đúng rồi mà sao không thấy cái nơi cấp ở trong cái app nó nhắn lại nữa mồng bốn mồng bốn mới nhắn lại nơi cấp là ba chữ c dạ vâng thì bên em sẽ kiểm tra lại về vấn đề này để hỗ trợ về cho khách hàng nha nhưng mà nếu đúng là cái gì em nếu đúng là nơi cấp ba chữ c hay hai chữ c một chữ s dạ thì bên em sẽ kiểm tra lại á anh để hỗ trợ cho anh có được không ạ rồi bây giờ kiểm tra hay chừng nào kiểm tra bây giờ bên em kiểm tra lại á còn vấn đề nào mới hỗ trợ nữa không ạ à không đâu vậy em gửi thông tin nhắn nguồn link tải app mobile để anh có cơ hội phát biểu nhận quà vậy sau này anh còn vấn đề thắc mắc anh vui lòng liên hệ với tổng đài em cám ơn anh ạ dạ nơi cấp mà nó nhắn vô là sai hay đúng vậy ý anh muốn hỏi là như vậy á em sẽ hỏi và lên kế hoạch với bên xử lý trước ý anh để nhờ họ kiểm tra hỗ trợ lại xem là có để sai thông tin hay không hôm trước anh có ra cửa hàng chính làm luôn cái này không phải là anh đang nợ bên em nha anh nói tiếp giúp em đi ạ thì đó anh lên cửa hàng chính thì nơi cấp nói gửi lại là ba chữ c ý anh muốn hỏi nơi cấp ba chữ c là cái gì á căn cước của anh là cục cảnh sát đó anh trả sau vậy thì hai chữ c hay ba chữ c là đúng vậy cái đó là cái mã viết tắt rồi alo alo alo bên em kiểm tra lại vấn đề này có được không ạ không anh biết rồi nhưng mà ý anh hỏi là cái đó là sai rồi đúng như vậy dạ dạ em chưa có xác nhận được tại chưa có bạn nhân viên xử lý họ kiểm tra xem là có vẻ như vậy là sai hay không thì về thông tin của căn cước công dân sẽ là cục cảnh sát cục cảnh sát là ccs hả anh còn vấn đề nào cần hỗ trợ nữa không ạ ủa nãy giờ anh hỏi em không hiểu ý anh hỏi là cái tin nhắn lại là đúng hay sai hả tại vì này giờ anh gọi ba lần rồi anh gọi lên hỏi vấn đề này ba lần rồi đúng không ạ đúng rồi là những bạn trước đó là anh muốn có nhu cầu để ccs đúng không anh không không anh hỏi ccc đúng hay là ccs chứ không phải anh muốn biết cái đó là gì thế mình ngắt máy trước được không anh để em hỏi trước về các bạn xử lý và hỗ trợ hỗ trợ cho anh cái được không à à là gọi lại cho anh sao em đúng rồi em gọi lại cho anh chừng nào gọi vậy em kiểm tra xong thì em gọi lại cho anh ạ rồi rồi anh cám ơn dạ vâng rồi anh không còn vấn đề nào thắc mắc nữa đúng không ạ rồi hết rồi em gửi tin nhắn đường link tải app mobifone để anh có thể phát biểu nhận quà à rồi và sau này anh còn vấn đề thắc mắc vui lòng liên hệ lại với tổng đài ạ em cám ơn anh ạ dạ vâng ạ dạ em chào anh ạ anh vui lòng gác máy trước giúp em nha
881897068939906.mp3,78.9,dạ mobifine xin nghe ạ dạ em tên đào em có thể giúp gì cho anh chị ạ alo chị kiểm tra giúp em để em hỏi là cái số này có vô được cái gói dạ ừ rồi cái gói một trăm hai không dạ vâng số chị đang gọi chị cho em xin tên của chị để em tiện xưng hô với ạ à tên thương em chào chị thương chị thương vui lòng để máy để em kiểm tra trên hệ thống gói một năm cộng với gói c chăm hai ạ dạ đúng dạ em kiểm tra thời điểm ngay sim chị thương chưa có thuộc đối tượng để đăng ký gói cước mười hai c một hai mươi ạ em chưa có đăng ký được chị thông cảm chị thông cảm chị dõi thêm ờ vậy một hai một chín tv một một chín năm dạ em kiểm tra thời điểm này cũng chưa có thuộc đối tượng chị ạ ờ ờ sv một một chín dạ cũng một năm luôn đúng không ạ đúng rồi dạ em kiểm tra thời điểm này cũng chưa có thuộc đối tượng chị ạ thời điểm này thì em kiểm tra sim này thiên về có cước truy cập mạng á sim truy cập mạng thôi chắc nhiều hơn còn gói cước combo thì có cái gói cước như c hai chín mươi mà gói cước một tháng thôi chị ạ hoặc có c một chín mươi thôi ạ ok rồi cám ơn nha dạ thông cảm ạ dạ rồi ạ
881897068939907.mp3,26.94,dạ mobifine xin nghe ạ dạ em tên đào em có thể giúp gì cho anh chị ạ alo chị kiểm tra giúp em để em hỏi là cái số này có vô được cái gói dạ ừ rồi cái gói một trăm hai không dạ vâng số chị đang gọi chị cho em xin tên của chị để em tiện xưng hô với ạ à tên thương em chào chị thương chị thương vui lòng để máy để em kiểm tra trên hệ thống gói một năm cộng với gói c chăm hai ạ dạ đúng dạ em kiểm tra thời điểm ngay sim chị thương chưa có thuộc đối tượng để đăng ký gói cước mười hai c một hai mươi ạ em chưa có đăng ký được chị thông cảm chị thông cảm chị dõi thêm ờ vậy một hai một chín tv một một chín năm dạ em kiểm tra thời điểm này cũng chưa có thuộc đối tượng chị ạ ờ ờ sv một một chín dạ cũng một năm luôn đúng không ạ đúng rồi dạ em kiểm tra thời điểm này cũng chưa có thuộc đối tượng chị ạ thời điểm này thì em kiểm tra sim này thiên về có cước truy cập mạng á sim truy cập mạng thôi chắc nhiều hơn còn gói cước combo thì có cái gói cước như c hai chín mươi mà gói cước một tháng thôi chị ạ hoặc có c một chín mươi thôi ạ ok rồi cám ơn nha dạ thông cảm ạ dạ rồi ạ
881897068939908.mp3,15.72,dạ mobifone xin nghe em tên trang xin cái hỗ trợ anh chị ạ alo ai dạ mobile à dạ hiện tại mình đang gọi chị đang gọi lên tổng đài mobifone á thì đang cần hỗ trợ thông tin nào về sản phẩm dịch vụ của mobifone không chị
881897068939909.mp3,62.52,alo dạ anh ơi em có cập nhật gói cước một hai tăm cộng hai tăm cho anh trong nhà trong tài khoản thẻ nạp một triệu tư rồi nó còn dư bốn chục ngàn trong tài khoản của anh nha thì em tắt nguồn máy em khởi động lại giùm em là được ha rồi ok ủa nhưng mà anh chưa hết hạn của cái gói sáu tháng trước mà thực ra là cái gói cước của anh nó cần thời gian nhưng mà cái này công ty medata thì bên em gọi sớm hơn tại vì sẽ có rất nhiều bạn gọi cho mình bằng số di động cá nhân á ngoài ra khi mình hủy gói cước và cung cấp cái mã otp thành ra mấy hôm nay phỏng vấn rất là nhiều cho nên những ngày còn lại của mình thì em có hỗ trợ bù cước hồi trước lại cho mình là tám mươi ngàn á nên mình chỉ cần thanh toán có một triệu ba sáu mươi thôi đó anh không có bị thiệt thòi á dạ nhanh giùm em cái giữa tháng mười hai năm hai không hai ba là mười bốn tháng sử dụng của anh luôn nha à dạ tháng mười hai không hai ba mười bốn tháng á thì trong quá trình dùng hay là anh có cần hỗ trợ gì cứ nhắn qua cho em ha rồi ok dạ em cảm ơn
881897068939910.mp3,113.76,dạ mobifone thôi nghe em tên khang có thể hỗ trợ gì cho anh chị ờ em ơi cho anh hỏi cái thuê bao của anh bây giờ cách nào được không em gửi tiền không em số đang gọi đây sao ạ đúng rồi dạ để em kiểm tra giúp anh có thể vui lòng cho em biết tên tiện xưng hô được không ạ trường trường em chào anh trường số anh trường gọi đến là một hai năm anh trường là chủ số thuê bao này đúng không ạ đúng rồi anh trường ở quận nào vậy anh trường ờ ở quận chín tên này chưa đăng ký tên của anh trường để đảm bảo về quyền lợi sử dụng á thì anh trường vui lòng đem chứng minh nhân dân với lại liên hệ có đăng ký đâu mà mình phải đăng ký thông tin thuê bao thì đúng quy định của nhà nước anh biết địa chỉ cửa hàng rồi đúng không anh ờ ý là sim này đăng ký chính chủ rồi mà dạ có nhu cầu vui lòng liên hệ cửa hàng để kiểm tra để báo lại cho anh trường hiện tại nếu mà nếu mà tài khoản ứng phí mười ngàn mười năm ngàn hai mươi ngàn anh ứng bao nhiêu em tư vấn cho anh trường mười ngàn ứng không ứng tài khoản ngoại mạng được hả có gì dịch vụ gọi nội mạng ngoại mạng nhắn tin lên mạng nha đấy là ứng bao nhiêu anh mười ngàn mười ngàn hai mươi ngàn ờ ứng hai mươi ngàn đi đây là vấn đề về tài chính chín tám tám anh trường có được hai muoi ngày sale mười phần trăm số tiền ứng đúng vào tài khoản khuyến mãi ba rồi mới gọi nội mạng ngoại mạng trên liên mạng anh ứng thì anh ấn chọn nhấn là ut hai không anh viết liền thì anh gửi chín tám tám được nha anh trường cám ơn nha ut hay như nào nhỉ ut hai mươi rồi chín tám tám nha ok anh hiểu không kiểm tra nhắn phản hồi lại nha dạ anh trường trường hỗ trợ thông tin nào khác nữa không
881897068939911.mp3,109.8,dạ vâng sao xin nghe em tên dung em xin phép hỗ trợ anh chị à à em hỗ trợ cái vụ gói cưới đăng ký lại á dạ số đang gọi lên tổng đài là anh muốn đăng ký lại gói cước c chín mươi m cũ trước đó anh có dùng đúng không anh dạ đúng rồi dạ tại vì đi tính cho nên không có đi ấy rồi giờ đi làm ăn ấy mà cũng không đăng ký lại dạ anh vui lòng cho em biết anh tên gì em tiện xưng hô ạ dũng dạ rồi em chào anh dũng gói của anh dũng c chín mười n chín mươi ngàn thì có nội mạng và liên mạng lên mạng ba g luôn để em hỗ trợ đăng ký lại cho anh dũng trên số thuê bao này có cần em cung cấp lại thông tin gói cước cho anh dũng không ạ ờ ấy lại đi rồi tại vì anh mới nạp tiền vô đó rồi trước đây là đủ quá không biết đường đừng anh nạp thêm dạ cái này mình nạp đủ thôi ý em hỏi thông tin gói cước anh hết biết hết rồi đúng không ạ quên rồi tại vì đi cỗ bàn cũng cả tháng nay quên hết trơn rồi giờ đăng ký là nà bây giờ bấm sao dạ cái này để em đăng ký cho anh gói này em mở ngày có bốn ghi nên hẹn khách dung lượng dùng kết nối không giờ có bốn ghi mới trực miễn phí mười phút phút gọi nội mạng và năm mươi phút gọi liên mạng nha rồi rồi quý khách sử dụng ba mươi ngày bên em gia hạn tự động nó đủ tiền không đủ tiền gói cước tạm khóa đợi gia hạn ba mươi ngày nạp tiền vào hệ thống mở lại gói cước cam kết bảy trăm hai mươi ngày không chuyển mạng giữ số thuê bao bị cam kết với thời gian quy định số đông hoàn lại số tiền mà giá gói 6 tháng cam kết quả giúp em liên mạng chỉ dùng trong nước anh đợi hai phút nữa có tin nhắn báo về cho anh dũng tắt nguồn khởi động lại máy sử dụng giúp em nha rồi rồi rồi dạ tên gói là c chín mươi n dạ vâng bên em có cung cấp ứng dụng mailmobifone giúp mình có thể kiểm tra được chi tiết tài khoản ưu đãi các kích thước đang dùng nhiều tiện ích khác khi nào anh dũng có nhu cầu sử dụng thì có thể vào ch play hoặc là apple tải về sử dụng thêm à rồi rồi rồi rồi em cám ơn em dạ vâng dạ rồi
881897068939912.mp3,45.72,alo em chào anh ạ em tên thắm em gọi ra từ bộ phận chăm sóc khách hàng nhà mạng di động mobifone dạ nâng cao chất lượng chăm sóc khách hàng anh cho em xin một phút em tiết kiệm với mình được không anh quỳnh ơi quỳnh anh là ảnh tuấn đúng không ạ ừ em chào anh tuấn vừa qua mobile banking tiếp nhận thông tin vào ngày mười bốn tháng mười anh có phản ánh về trường hợp mình truy cập mạng bốn g trong sim mình không thành công á anh à bên em có tiếp nhận thông tin này có báo cáo đồng nghiệp kiểm tra xử lý và đã có phản hồi kết quả về cho anh tuấn hay hôm nay em gọi ra để hỏi thăm đến anh á và sau khi kỹ thuật bên em xử lý cho thời gian gần đây mình có truy cập mạng mình bình thường ổn định chưa anh bình thường à thế à dạ rồi cái này em cũng cám ơn anh đã phản ánh nha trong quá trình sử dụng có gì khó khăn thì liên hệ chín không chín không bên em hỗ trợ thêm nha rồi cám ơn dạ em cảm ơn ngoài ra thì mobifone
881897068939913.mp3,133.8,alo em chào anh ạ em tên thắm em gọi ra từ bộ phận chăm sóc khách hàng nhà mạng di động mobifone dạ nâng cao chất lượng chăm sóc khách hàng anh cho em xin một phút em tiết kiệm với mình được không anh quỳnh ơi quỳnh anh là ảnh tuấn đúng không ạ ừ em chào anh tuấn vừa qua mobile banking tiếp nhận thông tin vào ngày mười bốn tháng mười anh có phản ánh về trường hợp mình truy cập mạng bốn g trong sim mình không thành công á anh à bên em có tiếp nhận thông tin này có báo cáo đồng nghiệp kiểm tra xử lý và đã có phản hồi kết quả về cho anh tuấn hay hôm nay em gọi ra để hỏi thăm đến anh á và sau khi kỹ thuật bên em xử lý cho thời gian gần đây mình có truy cập mạng mình bình thường ổn định chưa anh bình thường à thế à dạ rồi cái này em cũng cám ơn anh đã phản ánh nha trong quá trình sử dụng có gì khó khăn thì liên hệ chín không chín không bên em hỗ trợ thêm nha rồi cám ơn dạ em cảm ơn ngoài ra thì mobifone
881897068939914.mp3,37.38,dạ mobifone xin nghe em là thanh em có thể giúp được gì cho anh chị ạ dạ alo tổng đài xin nghe dạ alo ạ rất tiếc điện tổng đài không nhận được tín hiệu từ quý khách hàng tổng đài xin phết được gác máy trước ừ thôi alo dạ đâu ạ tổng đài không nhận được tín hiệu từ quý khách hàng tổng đài xin phép được gác máy trước khách hàng cần thông tin vui lòng gọi lại tổng đài em cảm ơn và xin chào alo dạ alo dạ alo à
881897068939915.mp3,69.23,em cám ơn anh huy đã chờ máy anh huy ơi số đấy chưa chuyển được nói nói cắt mạng tháng ba ừ chưa đủ tiền chỉ biết hả dạ chưa có hoạt động đủ ba trăm số năm ngày có gì anh ts sáu mươi đăng ký được không hay sao ạ à thì ra là vậy anh chờ máy em kiểm tra gói này có sáu mươi ghi để lên mạng tốc độ cao trong tháng có sáu mươi giây hạ băng thông khi này mạng chậm lại có một trăm phút gọi nội mạng ba năm phút gọi lên mạng miễn phí gọi hội nhóm phí thêm thành viên nhóm là mười năm ngàn trên ba mười ngày có một trăm tin nhắn nội mạng hai mươi tin nhắn liên mạng dạ sao ạ rồi để anh kiểm tra lại chút nha thế bên em có ứng dụng mail mobifone đó anh huy để anh có thể dễ để dễ kiểm tra tài khoản gói cước dịch vụ trên thuê bao và nhiều tiện ích khác có nhu cầu sử dụng gõ vào store tải về nhé anh anh huy cần hỗ trợ thêm gì khác không ạ
881897068939916.mp3,38.28,dạ alo alo dạ em chào chị em gọi đến từ bộ phận chăm sóc khách hàng của mobifone ạ dạ để đồng hành cùng chương trình chuyển đổi số quốc gia cũng như hỗ trợ chị cập nhật lại thông tin chính xác theo quy định của nhà nước thì hôm nay bên em gọi ra để mời chị liên hệ cửa hàng mobile gần nhất để cập nhật lại thông tin theo căn cước công dân mới nhất đó chị không biết mình đã làm lại căn cước công dân mới gắn chip chưa chị ạ chưa rõ số cũ dạ vâng ạ vậy khi nào mà mình làm lại và có căn cước công dân mới thì mình đến cửa hàng mobifone để bên em hỗ trợ cập nhật lại thông tin cho đầy đủ và chính xác nha chị dạ vâng dạ em cám ơn chị nhiều em chào chị dạ dạ
881897068939917.mp3,75.18,dạ em cám ơn chị huyền đã giữ máy ạ dạ hiện tại em kiểm tra thuê bao của mình có thể bị trường hợp bị lời nhắn thoại á chị chị soạn tin nhắn giúp em được không ạ soạn tin nhắn hả dạ chị soạn tin nhắn với cú pháp hủy gửi một không hai sáu hủy không dạ không ừ vâng dạ dạ không biết dạ alo ạ dạ alo dạ alo ạ dạ alo dạ alo ạ dạ alo dạ khách hàng không tổng đài không nhận được tín hiệu từ khách hàng tổng đài xin gác máy trước khi cần hỗ trợ khách hàng gọi lên tổng đài dạ cám ơn dạ em xin chào
881897068939918.mp3,45.12,dạ mobile xin nghe em tên kiệt có thể giúp gì cho anh chị ạ à chị là chỉ số thuê bao chị gọi lên tổng đài mà ủa chị đăng ký gọi nội mạng mà sao mấy cái mạng mobifone mà sao chị gọi không được cưng xin hỏi trường hợp này cái số chị gọi cho em cái số chị gọi cho bên em xong là số nào chị đọc lại để em kiểm tra à cái cái cái cái đầu của nó là không bảy tám không bảy chín á nhưng hiện tại bây giờ hiện nay đang có dịch vụ chuyển mạng giữ số nhưng chị thanh thì tuy nhiên số số điện thoại của mobifone và họ chuyển sang mạng khác thì nó sẽ không tính mạng mobifone nữa mà là tính cách mạng họ đang chuyển đến thì cho nên em cần phải biết số điện thoại của họ chính xác là số nào để xem họ còn đang ở trên mạng mobifone hay không hay là chuyển viettel chuyển nè rồi rồi rồi à để để chị coi lại rồi chị gọi lại dạ rồi
881897068939919.mp3,99.06,dạ mobifone xin nghe em tên nhân có thể hỗ trợ được vấn đề gì cho anh chị ạ chẳng có cái gói này đăng ký wifi á gói nào ừ dạ rồi có số đang gọi lên tổng đài đúng không ạ dạ dạ rồi em biết anh tên gì để em tiện xưng hô được không anh em tên tường dạ em chào anh tường cái gói cước trên sim của anh từ trước đó sử dụng gói sáu ws và đăng ký lại hình thức là sáu tháng đúng không anh đúng rồi bây giờ chỉ cần chị nhắn cho em thôi dạ để em xem coi hiện tại kết thúc cuộc gọi này cũng không đủ tiền gia hạn rồi anh anh đang gọi lên trên tổng hai trăm đồng một phút á gói cước thì vẫn chờ gia hạn lại nhưng mà do hiện tại mình đang gọi lên trên hiện tại trong năm trăm đồng một phút cho nên hổng đủ tiền ta này giờ nạp đủ sau trăm ngày mà vẫn không gia hạn là sao hả chị cái đó hệ thống sẽ trừ các dữ liệu và thông tin gia hạn lại cũng mong anh thông cảm bây giờ em nap mười ngàn nữa chị ra hạn gấp giùm em nha vận thì em tạm ngưng trước đường truyền mạng cho anh nha anh cứ nạp tiền giùm em ạ vậy giờ em nạp luôn xong chị gia hạn giùm em nha nội dung của gói cước điều kiện kỹ giùm anh tường đóng rồi đúng không anh rồi em nắm được rồi bây giờ chỉ cần là gia hạn thôi dạ rồi nạp thêm tiền nha rồi rồi rồi để chị coi giùm em cái ngoài thông tin này ra anh cần hỗ trợ thêm gì nữa không anh không không kết thúc cuộc gọi em có xin phép gửi cho anh đường lên tải ứng dụng mailmobile về máy có nhu cầu
881897068939920.mp3,120.54,dạ mobifone xin nghe em tên nhân có thể hỗ trợ được vấn đề gì cho anh chị ạ chẳng có cái gói này đăng ký wifi á gói nào ừ dạ rồi có số đang gọi lên tổng đài đúng không ạ dạ dạ rồi em biết anh tên gì để em tiện xưng hô được không anh em tên tường dạ em chào anh tường cái gói cước trên sim của anh từ trước đó sử dụng gói sáu ws và đăng ký lại hình thức là sáu tháng đúng không anh đúng rồi bây giờ chỉ cần chị nhắn cho em thôi dạ để em xem coi hiện tại kết thúc cuộc gọi này cũng không đủ tiền gia hạn rồi anh anh đang gọi lên trên tổng hai trăm đồng một phút á gói cước thì vẫn chờ gia hạn lại nhưng mà do hiện tại mình đang gọi lên trên hiện tại trong năm trăm đồng một phút cho nên hổng đủ tiền ta này giờ nạp đủ sau trăm ngày mà vẫn không gia hạn là sao hả chị cái đó hệ thống sẽ trừ các dữ liệu và thông tin gia hạn lại cũng mong anh thông cảm bây giờ em nap mười ngàn nữa chị ra hạn gấp giùm em nha vận thì em tạm ngưng trước đường truyền mạng cho anh nha anh cứ nạp tiền giùm em ạ vậy giờ em nạp luôn xong chị gia hạn giùm em nha nội dung của gói cước điều kiện kỹ giùm anh tường đóng rồi đúng không anh rồi em nắm được rồi bây giờ chỉ cần là gia hạn thôi dạ rồi nạp thêm tiền nha rồi rồi rồi để chị coi giùm em cái ngoài thông tin này ra anh cần hỗ trợ thêm gì nữa không anh không không kết thúc cuộc gọi em có xin phép gửi cho anh đường lên tải ứng dụng mailmobile về máy có nhu cầu
881897068939921.mp3,49.32,dạ alo vâng em chào anh em gọi ra từ bộ phận chăm sóc khách hàng của công ty mobifone em tên hoa do hôm qua chủ số có liên hệ để hỏi thông tin hiện tại theo sim số của mình anh hãy dành riêng khoảng ít phút để em trao đổi tiết kiệm cho anh được không anh rồi rồi rồi được rồi được rồi em cứ nói đi dạ anh vui lòng cho em hỏi là trước đây khi mua sim mà sử dụng đăng ký thông tin chính chủ cho xin số của mình chưa anh dạ rồi rồi rồi rồi rồi dạ xin lỗi anh có phải anh toàn đúng không anh rồi rồi rồi rồi có gì em điện lại nhé mình đang bận hả ta hả dạ minh tiện trao đổi không anh xin lỗi mình đang bận hay sao hả cái gì mình có thể trao đổi tiếp không anh được sếp sếp mà từ từ đi có gì anh anh trai dạ có nghĩa là em gọi ra có một số vấn đề muốn hỏi ý em hỏi là hiện tại mình có
881897068939922.mp3,24.84,dạ mobifone xin nghe em tên huyền em xin phép được hỗ trợ cho anh chị em hi em anh tên hậu á em dạ em chào anh hậu anh cần hỗ trợ vấn đề gì em kiểm tra giùm anh cái gói bốn g ba ngày bao nhiêu hết hạn hai tư đúng không dạ đúng rồi em thấy mình đang sử dụng tới ngày hai tư tháng mười lúc chín giờ hai mươi phút anh à ok dạ cảm ơn em dạ rồi anh cần kiểm tra thông tin nào khác nữa không
881897068939923.mp3,160.92,dạ mobifone xin nghe em là an em có thể giúp gì được cho anh chị chị ơi mà cái gói cước của em mà hình như mồng bốnnày nó hết hạn rồi ừ gia hạn lại cái gói chín chín ngàn nha chị dạ để tiện xưng hô cho em biết tên anh với ạ dạ tên thư anh thư á anh anh thư đang đang dùng cái gói sáu tháng anh thư bên em đang có gói một năm anh thư một năm được tặng hai tháng hết trơn rồi mình đăng ký một năm luôn đi anh không ý là gia hạn giùm em cái gói là chín chín ngàn hai ghi hết hai hết ghi nó không chạy được chứ gì thì cái gói này bây giờ được năm gi một ngày rồi rồi đó anh thư năm ghi hết năm kỳ hạn tốc độ vài năm mililit trên giây tức là vẫn lướt web được luôn rồi đó hai mươi bốn g chín mươi chín ngan giờ anh thư nạp luôn một năm mình được tặng tới hai tháng anh ha ừ em ơi bây giờ tài khoản thì nó không đủ chị anh có thể nạp thêm được hông nạp đủ em đăng ký cho anh thư dạ không em đang học thế giờ mình đăng ký c một hai mươi đi anh c một hai mươi mình được gọi nội mạng nữa một trăm hai chục ngàn một tháng mình được miễn phí các cuộc gọi nội mạng dưới hai mươi phút hả sao sau mười ghi ga byte nhưng mà alo ngọc sơn hát đang thầm đâu có chạy bình thường được ngay tới đó thì nhà em được bốn ghi tốc độ cao hết 4 ghi mới ngắt internet dung lượng data không áp dụng sáu mươi data 0h ngày bên em reset đúng y mới cho anh và hát ba mươi ngày tự gia hạn cho anh thời điểm gia hạn nên anh không đủ điều kiện á sẽ tạm ngưng trên chín mươi chín ngàn và một ngày năm ghi hả chị dạ chín mươi chín ngàn giờ được năm ghi ngày mà hổng có phút rồi dạ à à hết năm ghi nó cũng nhà minh thông tin chạy được đúng hông chị nha hết dung lượng rồi giảm tốc độ khoảng năm mililit trên giây đó là gói hai bốn g chín mươi chín ngàn thôi rồi vậy là gia hạn cho anh cái gói hai bốn giờ giờ vậy chị anh đăng ký gói hai bốn g hả anh dạ dạ anh không đăng ký luôn vài kỳ ha anh đăng ký luôn ba tháng thôi ờ tài khoản đâu có đủ đâu dưới ba tháng chị nạp thêm anh à đang đi công chuyện nạp không có được chị gia hạn cho em gói một tháng đi thì để em liên lạc hủy cái hai bốn g sáu ghi và đăng ký lại một tháng nha anh dạ giờ em hủy luôn anh tắt dữ liệu di động nha em cài em hủy đăng ký liền cho anh nha vầng vầng vầng vầng sao nhỉ tìm hiểu để coi gói con lại khác nha anh thư cả không có gói là bảy năm đồng trên năm mươi kb đợi em hủy xong sẽ đăng ký cho anh nha thông báo đăng ký thành công thì sử dụng nha vâng vâng vâng vâng
881897068939924.mp3,93.24,dạ mobifone xin nghe em tên minh có thể hỗ trợ gì được cho anh chị ạ anh ơi cho em hỏi sao tự nhiên chứ sao tổng đài nó mới gọi cho em về cái sim này bị khóa sim là sao trời em rất xin lỗi chị về sự bất tiện này chị muốn hỗ trợ cho số đang gọi đúng không ạ dạ đúng rồi ạ em cám ơn chị cho em xin tên của chị được không ạ dạ đỗ thị kim anh chào chị anh dạ em kiểm tra cho chị anh thì thuê bao mà chỉ anh đang gọi lên tổng đài hiện tại vẫn hoạt động bình thường không có dấu hiệu gì của bị khóa cả đối với số thuê bao lạ gọi lên gọi lên cho chị dạ giả danh nhân viên tự xưng là chuyên viên mobile hoặc là nhân viên của các bộ thông tin gì đó dạ thì chị không làm theo hướng dẫn nào được hướng dẫn để tránh bị đánh cắp thông tin hoặc lừa đảo giúp em dạ nếu như thật sự thuê bao của chị anh có bị chặn một chiều do lý do gì đó bên em mobifone chỉ có gửi tin nhắn cho chị anh để thông báo thôi chứ không hề có cuộc gọi nào rồi ra để làm phiền chị nha chị anh hả dạ dạ em nói em mới nhận được gói cái kiểu này thật sự khóa một chiều nên em gọi hỏi thử dạ thì anh cứ yên tâm sử dụng bình thường không sao cả dạ dạ chị anh còn vấn đề nào khác không chị anh dạ không em cảm ơn xin phép lưu số khách hàng chăm sóc khách hàng qua zalo và facebook khi nào cần hỗ trợ vui lòng liên hệ tổng đài rồi anh cám ơn vâng xin chào chị ạ dạ
881897068939925.mp3,55.5,dạ mobifone xin nghe em tên vân anh em giúp gì cho anh chị à chị ơi chị kiểm tra giúp em cái số điện thoại sao gói cước em đã tự dưng bị ngắt ý chào chị chị kiểm tra xem số đang gọi cho em hay sao chị đúng rồi đúng rồi dạ chị cho em hỏi chị tên gì để tiện xưng hô với chị em tên là thảo dạ rồi ạ ok rồi sao hôm nay tự dưng hết tiền hình như nó trừ quá trời trừ ba g bốn g ạ dạ trên một lần em xin lỗi ngắt lời chị ạ gói c một hai mươi của chị a được gia hạn trong hôm nay rồi đấy chị à mà là đã trừ tiền từ hôm nay rồi đúng không chị dạ đúng rồi vừa gia hạn xong trừ một trăm hai mươi nên trong hôm này chị thảo tắt nguồn bật lại bật dữ liệu di động lại bật lại ba g bốn g để dùng lại nha chị cám ơn chị dạ dạ
881897068939926.mp3,71.46,dạ mobifone xin nghe em tên phong có thể giúp gì cho anh chị ạ dạ anh ơi cái mạng bốn g của em sao nó yếu vậy nhỉ dạ em xin lỗi vấn đề của anh số của anh là số đang gọi luôn đúng không ạ à dạ đúng rồi dạ rồi anh cho em xin được biết tên anh để tiện xưng hô với ạ em tên hoàng dạ em chào anh hoàng à em thấy gói một trăm hai của anh thì vẫn đang còn dung lượng khá nhiều anh mở lên bốn g còn mà không bị yếu hay là không có bốn g luôn vậy đó chữ e đúng không anh chữ e hết ạ dạ đúng rồi dạ để bên em có gì kiểm tra lại đường truyền cho anh hoàng á anh hoàn chỉnh cái đợt ba g bốn g trên máy giúp em nha em đổi mới đường truyền cho anh á anh đợi hai phút anh tắt máy với lại á để coi lại nha thật sự giúp em em có đóng gói trước mà hình như 6 tháng anh kiểm tra coi có không anh dạ đúng rồi dạ có cái gói này em đăng ký gói chương trình 6 tháng tặng một ý anh tức là bảy tháng dạ rồi người ta mới cho nha dạ dạ dạ dạ mình xin phép lịch sự dạ dạ dạ vâng anh đang cần hỗ trợ gì thêm
881897068939927.mp3,100.38,dạ mobifone xin nghe em tên vy em có thể hỗ trợ được gì cho anh chị à em ơi cho chị hỏi nà chị có thấy cái số lạ cứ điện nó làm phiền dưới dạng mà lừa mà lừa đảo á thì chị thấy cuộc gọi nhỡ thì chị có nên tra ra thì có nhiều người ta cũng phản ánh cái số mà cũng là cái đầu số mobifone bên mình nó cũng hiện đến xong rồi đó chị không nghe máy chị xem cái số đó rồi nó có gửi một cái tin nhắn bộ thông tin gì đó nha rồi chị muốn chặn hết mấy cái số sim mà sim rác được không giờ em cái cái số điện thoại đó á chứ bây giờ cứ điện nó làm phiền kiểu đó không lừa đảo kiểu đó thì nó rất là mất thời gian của chị á nếu mà gặp tình trạng trên đầu tiên em sẽ hướng dẫn cho chị á và phản ánh về các cuộc gọi quấy rối lừa đảo đến đầu số tiếp nhận cái bộ thông tin truyền thông để họ kiểm tra lại các cuộc gọi phát sáng trên và có biện pháp chặn cuộc gọi hoài xử lý các số thuê bao di phạm nha thì cái này chị soạn giúp em là chữ v khoảng cách cái số điện thoại rồi số điện thoại của của của của người ta hả dạ đúng vào cái số điện thoại mà gọi đến vậy đó rồi gửi rồi kết quả nội dung bấy nhiêu ví dụ như lừa đảo thì bấm vào từ đảo gửi đến đầu xóm tiếp nhận là năm sáu năm sáu sau khi phản ánh như vậy á thì em thấy nó hạn chế rất nhiều các cuộc gọi lừa đảo gọi đến thuê bao đó nha chị ờ rồi rồi chị cám ơn em ha tại vì nó cứ nhắn nó cứ điện hoài tại vì chị thấy ở trên chỉ có lên trên chỉ có trên mạng á chị mới tra số điện thoại thì thấy cũng có nhiều người ta phản ánh bị lừa đảo mà tiền cũng như mất hết trơn á dạ dạ ờ rồi rồi vậy thôi chị cám ơn em nhiều nha dạ dạ rồi cái cái hỗ trợ thông tin nào khác nữa không à không em ơi bây giờ
881897068939928.mp3,31.38,dạ alo nghe nè dạ em chào anh em gọi đến từ bộ phận chăm sóc khách hàng mobifone á dạ hiện tại anh đang là hội viên hội đồng của chương trình kết nối dài lâu ạ nhưng có khả năng sẽ không đủ điểm để đóng trong hội viên của mình á anh dành ít phút em tư vấn giúp anh ạ đang kẹt làm việc thôi kệ nó làm cái gì cũng được dạ vậy khi nào cần hỗ trợ thông tin dịch vụ gì thì cứ liên hệ tổng đài sau để tư vấn nha rồi cám ơn em dạ em chào anh ạ
881897068939929.mp3,73.38,dạ mobifone xin nghe em tên phương em có giúp gì được cho chị em ơi cho chị hỏi thăm hôm qua chị mới nạp tiền một trăm ngàn xong hết trơn rồi em cho chị hỏi thăm coi chị hủy cái gì chị hủy được không dạ em sẽ giúp chị vấn đề này chị vui lòng cho em biết tên để em tiện xưng hô được à chị tên vân em dạ số chị gọi lên đúng không chị đúng rồi cưng dạ em thấy ngày hôm qua chị nạp vào một trăm ngàn sau đó có phát sinh dữ liệu data từ lúc bảy giờ bốn chín phút sáng nay cho tới mười giờ bốn sáu phút trừ hết một trăm ngàn đúng không chị rồi em hủy giùm chị rồi phải không em dạ rồi để em hủy cho chị vân em em hủy hết tất cả các yêu cầu đó dùm chị nha cưng nha dạ rồi em hủy trừ tiền rồi sau này nếu mà chị có đăng ký gói cước bốn g sẽ mở lại đường truyền cho mình bây giờ bây giờ ví dụ mà chị muốn đăng ký đê năm nữa mà chị đăng ký làm sao mà nó cứ mở ra điện là ăn hết tiền của chị là sao cưng dạ khi mà chị đăng ký trên năm á thì bấm vào cái đường truyền bốn g cho mình dùng không bị tính phí mà gói còn khi mà hủy năm rồi á thì lúc đó thì nó tắt bốn g trên máy luôn bây giờ em làm ơn hủy giùm chị nha để chị nạp tiền rút của chị nữa ha khoảng bao lâu thì nạp vô được em bây giờ chị nạp là được rồi chị em hủy xong rồi rồi rồi chị cám ơn em nhiều nha cám ơn em
881897068939930.mp3,40.62,dạ mobifone xin nghe em tên là thảo em có thể giúp gì cho anh chị ạ thế chị chị lễ nè em nhắn tin giùm cho chị gói một ngàn hả em sống lâu dữ vậy em công việc á chị lễ vui lòng cho em biết số điện thoại chị làm ăn là số điện thoại chị đang gọi đúng không chị đúng rồi em không chín ba một chín tám bảy một chín hai nhân viên em nói chị chờ chị chờ lâu quá cái gói v mười này chị gọi đã đăng ký thành công rồi đó chị giờ chị tắt máy bật dữ liệu nên dùng được rồi đó chị lễ chị chị chị tắt đi phải không em dạ rồi chị cám ơn em dạ cám ơn chị
881897068939931.mp3,49.32,dạ mobifone xin nghe em tên lan em có thể hỗ trợ gì cho anh chị à chị ơi cho em hỏi cách nạp cái ba g mà em quên cách đăng ký giờ cú pháp như nào ạ tức là chị muốn đăng ký gói cước lên mạng hay sao em mua bằng cái thẻ momo á chị nhưng quên cách gửi thông qua không ba bốn giờ chị mua cái thẻ trên momo rồi chị quên cách nạp hả chị đúng rồi dạ chị chị vui lòng cho em biết tên để em tiện xưng hô ạ dạ a lô tên trân chị dạ em xin chào chị trân chị trân là chủ thuê bao này luôn đúng không chị trân dạ dạ cái này chị vui lòng giữ máy giúp em để em kiểm tra nha chị dạ
881897068939932.mp3,98.52,dạ mobifone xin nghe em tên thủy có thể giúp gì cho anh chị em ơi kiểm tra giúp chị cái cái cái sim không chín ba ba dạ bảy tám bảy năm sáu bốn em coi dùm chị cái gói cước của chị là gói gì vậy không chín ba ba bảy tám bảy năm sáu bốn dạ đúng rồi số cũ của chị có thể cho em xin tên của chị để tiện xưng hô chị huệ chị huệ dạ vâng sim mình đang dùng gói sáu tháng một hai mươi ý chị mình đang dùng gói cước khuyến mại thoại data là sáu trên một hai mươi là có gì cho mình chị đăng ký sáu tháng được tặng một tháng là bảy tháng thì mỗi tháng ba mươi ngày là chỉ được năm mươi phút liên hệ gọi mobile là dưới hai mươi phút chỉ tắt gọi là miễn phí phút gọi nội mạng và data trong vùng số mobile còn mỗi ngày là chỉ được bốn ghi hết dung lượng không có bốn ghi đó chị hỏi nè tại vì chị gọi qua điện thoại mobile nó cũng là kêu là gì đó tài khoản hết tiền rồi gọi tài khoản nào cũng hết tiền mà chị có gọi đâu mà sao hết tiền phải hả chị sim gọi liên mạng thì nó hết chị còn gọi mobile thì vẫn gọi được không ý là ý là vừa gọi nó gọi ai ai xài hay sao chứ chị có gọi đâu mà hết chị có thể lên trang mobifone vn đó chị mình kiểm tra lịch sử cuộc gọi chị gọi lại tháng này chị gọi hết năm mươi phút rồi tới ngày hai một tháng mười á là ba ngày nữa bên em mới gia hạn là chu kỳ mới là mới cập nhật được năm mươi phút liên mới mới cho chị lúc mười bảy giờ mười bảy rồi rồi rồi rồi cám ơn em nhiều anh chị chị báo cái chị
881897068939933.mp3,21.18,dạ mobifone xin nghe em tên hiện xin phép được hỗ trợ chị ạ ờ anh ơi anh đăng ký cho em cái ba g á anh số ngày số tháng chị hả gói chín mươi ngàn chị có thể thì sài chín mươi ngày đúng không chị đúng rồi em đăng ký thành công có tin nhắn báo là chị tắt nguông mở lại rồi sử dụng nha rồi cám ơn dạ cám ơn chào chị
881897068939934.mp3,48.9,a lô a lô em chào anh nhu em gọi đến từ tổng đài chăm sóc khách hàng chăm sóc khách hàng của mobifone em tên là nguyên anh ơi lúc nãy em cung cấp thiếu thông tin á không biết là anh có đăng ký thông tin chính chủ số này chưa anh nhu em không biết nữa chị ơi cái số này số ngoại em đăng ký dùm em hông biết dạ vâng à mình ở tỉnh nào anh nhu ở bên đồng tháp dạ như vậy thì là hết thời gian anh nhu nói với chú đăng ký thông tin chính chủ để mình có thể sử dụng dịch vụ từ tổng đài kết thúc cái cuộc gọi này em gửi cho anh tin nhắn có đường link để mình cập nhật thông tin online và danh sách cửa hàng mobifine để mình tiện liên hệ anh nói chú giúp em nha rồi ok rồi không có gì dạ tại vì có thời gian phải đi đăng ký mới được để đã mở được cái quyền sở hữu thuê bao theo quy định của nhà nước ý anh nhu á vâng vâng vâng dạ rồi rồi dạ
881897068939935.mp3,152.82,dạ em cám ơn chị đã giữ máy ạ cái này trường hợp này của chị cho em hỏi là trước đó mình có liên hệ cửa hàng để nhờ hỗ trợ được không chị trước khi khi mà mình không có nhận được cái hóa đơn tử mà đứng tên công ty á thì chị có liên hệ cửa hàng để nhờ hỗ trợ không em không cần tại vì bên em thấy tốt như vậy thì bên em cũng không có yêu cầu dạ đúng tên chú là tại vì bên em cũng không có cần dạ vì hiện tại là cái hóa đơn của chị là tên chỗ mà không có tháng mười thấy dạ cái hóa đơn của chị á là khi mà gửi cho chị thì là nó là đổi bố trí xong rồi là một cái tên công ty của phía sau nữa hả chị đúng rồi đúng rồi đúng rồi dạ vậy thì em kiểm tra trước đó là mình có có cái phản ánh là không có nhận cái tên công ty thì cái này là do là theo chỉ đạo của tổ chăm sóc khách hàng chi nhánh hồ chí minh ạ như là thông tin của tổng công ty đã trả lời là theo quy định là hiện tại là tên thuê bao sẽ bỏ hết đuôi công ty nên là hiện tại đài là phải nắm rõ quy định và thông báo cho khách hàng là đối với các trường hợp khách hàng mà mình nhất quyết là muốn có tên công ty phải liên hệ cửa hàng thì trước đó là mình không có liên hệ cửa hàng nhưng mà hiện tại chị nhận nhận được cái tin nhận được hóa đơn điện tử là có đủ tên công ty đúng không ạ đúng rồi tức là vậy nè mười sáu tháng chín á ngày mười sáu tháng chín ha bên mình xuất hóa đơn chỉ môi tên chứ ký thôi không có tên công ty rồi tự nhiên hôm nay tụi em đi đóng tiền cho cái tháng mười đó thì cũng là hóa đơn ngày mười sáu tháng chín là tên chữ ký kèm theo tên công ty dạ em không biết sao lúc thì tức cái này lúc thì cái kia em không hiểu dạ thì trường hợp này em sẽ hỗ trợ ghi nhận cho chị để mà bên bộ phận xử lý người ta kiểm tra lại cho chị nhá dạ là mình chỉ cần là mình chỉ cần là nhận hóa đơn số tên cá nhân thôi đúng không ạ đúng rồi dạ em sẽ hỗ trợ cho chị ạ cảm ơn anh dạ em dạ thế thôi thì em không thể nhận nữa giờ được cái đơn này mình sẽ xử lý hay là sẽ ghi nhận cái vấn sau anh dạ hóa đơn này thì hiện tại là nếu mà đã gửi hóa đơn thì mình cứ thanh toán thanh toán xong rồi thôi chị không có vấn đề gì hết nhưng mà xử lý cho em là tháng sau nha dạ chứ để tháng mười một tụi em đã đóng tiền lại bị nữa thì phiền lắm dạ dạ em sẽ hỗ trợ ghi nhận đó cho chị dạ vâng cảm ơn anh dạ chị cần hỗ trợ thông tin nào khác nữa không ạ dạ không ạ dạ chị cần hỗ trợ thông tin vui lòng liên hệ tổng đài em cảm ơn xin chào ạ
881897068939936.mp3,50.04,dạ mobifone xin nghe là xuân có thể giúp gì cho anh chị ạ chị ơi hồi nãy em có gọi mình để nhờ mình đăng ký cái gói 120 nó nội mạng ngoại mạng rồi lên mạng nữa á chị sao nãy giờ chưa thấy mình đăng ký giúp em dạ số chị đang gọi đuôi 02 đúng không chị dạ đúng rồi ạ 1703 chứ dạ em xiin lỗi 170303 đuôi chị cho em hỏi chị tên gì cho em dễ cho hô ạ dạ vân ạ dạ em chào chị vân yêu cầu của chị bên em đang trong quá trình hỗ trợ chị vân thông cảm đợi giúp em nhá khi nào đăng ký thành công sẽ có tin nhắn báo về chị nghĩ là nãy giờ chưa đăng ký được á chị vâng yêu cầu của chị bên em đang đi lạc rồi đang trong quá trình hỗ trợ chị thông cảm đợi giúp em nhá dạ vâng rồi em cám ơn chào chị dạ rồi em cám ơn chị khi nào
881897068939937.mp3,15.6,dạ mobifone xin nghe em tên thanh hương có thể giúp gì cho anh chị ạ alo khách hàng gọi lên tổng đài không có nhu cầu cần hỗ trợ thực sự tổng đài viên xin gác máy trước khi có
881897068939938.mp3,90.9,dạ mobifone xin nghe em tên hòa em có thể hỗ trợ gì cho anh chị ạ nhưng mà chị dạ vâng em chào anh ạ anh có thể cho em xin tên của anh để em dễ xưng hô với anh hơn tên thương dạ anh thương đúng không ạ dạ đúng rồi dạ anh đang hỏi cho số thuê bao đang gọi lên cho em luôn đúng không anh đúng rồi dạ vâng anh muốn kiểm tra cái dung lượng tên gói còn bao nhiêu đúng không ạ dạ vâng em có kiểm tra thuê bao của anh thì có gói cước là c một hai mươi dung lượng trên gói thì anh còn phải hơn ba ghi ủa sao em bấm nghe điện không được chị dạ anh soạn cú pháp tin nhắn giúp em nha kiểm tra tên viết tắt của chữa k t khoảng cách all sau đó anh gửi đến ba số chín ạ cước phí là hai trăm đồng một tin nhắn gửi hoặc là anh có thể tải ứng dụng mail mobifone về sau đó anh nhập số điện thoại của anh vào anh làm theo bạn kiểm tra đấy à sáu chín à dạ tức là anh có thể tải ứng dụng mail mobifone về sau đó anh đăng nhập theo số điện thoại của anh vào như một cái ứng dụng bình thường sau đó anh kiểm tra tên thuê bao của anh có gói cước phần cước ưu đãi gói cước bây giờ điện thoại bấm coi như điện không được nè dạ anh soạn chữ kt khoảng cách all sau đó gửi đến ba số chín ạ cước phí là hai trăm đồng một tin nhắn gửi giúp em ạ gửi gì chứ kt dạ viết tắt của chị kiểm tra đó anh còn gì nữa khoảng cách a ll chữ all của tiếng anh ạ
881897068939939.mp3,183.3,dạ em cám ơn chị đã chờ máy ạ dạ chị diễn cái gói này khi mà chị đổi á chị thì đổi thành cước ở đây tức là chị sẽ vào tài khoản khuyến mãi kết nối về lâu của mình dùng để gọi thoại và nhắn tin nội mạng cho chị thời hạn sử dụng là sáu mươi ngày kể từ ngày trả thưởng chứ không trừ vào tài khoản chính đúng không ạ dạ dạ không phải trừ vào cái tiền mà hàng tháng mình sử dụng nha chị dạ dạ nói là tài khoản khuyến mãi thôi nha chị diễm dạ rồi chị muốn đổi hay sao ạ chị gọi nội mạng và nhắn tin nội mạng còn nếu mà chị đổi để chị gọi cho ngoại mạng á thì đổi thành gói điện thoại nha chị chị là nội mạng thôi hay là ngoại mạng nữachị diễm ngoại ngoại mạng luôn đi ngoại mạng phải không chị ngoại mạng á thì mình sử dụng được là ba mươi mốt ngày kể từ ngày trả thưởng đi chị diễn nếu như hôm nay ngày mười tám tháng mười chị đổi thì đến ngày hai hai tháng mười mình mới nhận được trả thưởng nha chị dạ dạ rồi chị có muốn đổi cái thời gian mình đổi mình xài trong vòng một tháng nếu không hết là mình ghi ra tin nhắn hả chị dạ không chị trong vòng một tháng trong vòng ba mốt ngày hổng hết là hủy nha chị à dạ chứ không có quy gia tin nhắn chị có nhắn tin hay sao em cũng có nhắn tin nhưng mà ít hạn chế lắm giờ giờ lao thì mình nhắn tin thì chị đổi ra thành tin nhắn chị có tin nhắn là phút gọi luôn thì được chín năm phút gọi và bốn mươi tin nhắn nha chị đang ở hạng đồng cho nên chị diễm đổi được nếu mà đổi cả phút gọi cả truy cập mạng thì là uống dạ em xin lỗi được cả phút gọi và tin nhắn thì đổi được bốn mươi tin nhắn và chín năm phút nội mạng và liên mạng nha chị chị đổi cho em nội mạng với liên mạng thôi không tin nhắn cái này là hai ngàn điểm đổi được bào nhiều hai ngàn điểm á thì đổi được một trăm phút gọi nội mạng ngoại mạng là gọi lại trong nước á chị dạ chị như em đổi hai ngàn thôi rồi chị đợi em xài hết rồi em đổi sim đúng không chị dạ được chị hiện tại bây giờ điểm của chị em kiểm tra thì đang còn là mười ngàn ba trăm ba mười điểm chỉ đổi hai ngàn điểm thôi phải không chị diễm dạ đổi hai ngàn thôi á dạ rồi sau cuộc gọi sẽ hỗ trợ đổi cho mình lưu ý là ngày hai hai tháng mười mới nhận được giải thưởng nhận được giải thưởng thì sử dụng trong vòng ba mươi mốt ngày kể từ ngày trả thưởng giúp em nha chị diễm dạ dạ dạ chị cần em hỗ trợ thông tin gì thêm nữa không chị dạ không rồi em cám ơn nha dạ rồi chị diễn bên em có ứng dụng mailmobifone giúp chị có thể kiểm tra được dung lượng cũng như thông tin tài khoản thì chị tải dùm em được không cái đó tải không được thì cái đó là mình thao tác trên máy á chị dạ đúng rồi chị thì mình chỉ cần vào cửa hàng chplay hoặc apstore trên điện thoại tìm chữ mailmobifone chữ m chữ y dài mobifone em có gửi cái đường link qua tin nhắn á chị diễn có thể vào đó mình tải về rồi sau đó đăng nhập số điện thoại và lấy mã otp dạ dạ dạ là mình kiểm tra được nha dạ dạ rồi em cám ơn dạ rồi em ơn chị chị cần hỗ trợ thông tin gì nữa
881897068939940.mp3,348.075,
881897068939941.mp3,232.38,dạ mobifone xin nghe em tên thi có thể hỗ trợ vấn đề gì cho anh chị chị cho em hỏi em muốn đăng ký cái gói gọi nội mạng miễn phí nhờ n chín mươi á số chị đang gọi tổng đài đúng không chị à số đang gọi của họ có đăng ký cái tám e gì đó mà mười phút tắt mười phút tắt dạ chị tên gì tiện xưng hô chị tên duyên chị duyên đúng không chị à đúng rồi dạ chị đăng ký cái gói 90 ngày có vòng 30 ngày đúng không chị à đúng rồi dạ dạ cái đó bao nhiêu phút rồi chị vui lòng giữ máy em kiểm tra cho chị à em muốn cám ơn chị giữ máy chị hiện tại á cái gói c chín mươi cnn là số chị không có thuộc đối tượng rất tiếc chị không tham gia được nếu mà bây giờ chị đăng ký cái gói cước mà có nhu cầu mà gọi cùng mạng các mạng thì có trăm hai nhưng mà cái gói này á là chị gọi hai chục phút chị tắt chị gọi lại mỗi cuộc gọi phát mạng chị khuyến mãi được năm chục phút còn nếu mà chị lên mạng là một ngày 4 ghi á em cũng tới hôn lắm à vậy hả dạ tại gọi nội mạng thôi chị tưởng là tám tiếng thật đang tiến việt mà tám e gọi nội mạng cũng được mà mười phút tắt mười phút các chị đăng ký luôn gọi em là không được dạ cái gói cước mà chín mươi ngàn đồng và một nghìn phút á thì có mình không thuộc đối tượng chưa có đăng ký được chị nếu mà đăng ký thì đăng ký được một trăm hai á là chị gọi được thoải mái luôn không có bị giới hạn một tháng bao nhiêu phút hết nhưng mà mới vừa gọi chị gọi tới hai chục phút chị tắt còn không thì chị gọi thôi thì có năm mươi chín nghìn không có lên mạng cái gói này thì một nghìn phút phút nội mạng ba mươi phút nội mạng phút các mạng nhưng mà không có dung lượng lên mạng chỉ có lên mạng không không mạng chị vào wifi thôi chị chị chỉ đăng ký gọi mobile số mobile nội mạng thôi chứ không cần gọi nội mạng thôi thì chỉ có đăng ký gói năm mươi chín ngàn không thì có ngàn phút nhưng mà cũng không có giới hạn số phút trên mỗi cuộc gọi giá có năm mươi chín ngàn gọi rồi mình tắt à không chị một nghìn phút gọi hết thì thôi không có dấu hiện số cấp trên mở cuộc gọi tức là bây giờ số chị là có loại là năm mươi chín nghìn chỉ có một nghìn phút ngoại mạng ba chục phút khác mạng sáu mươi tin nhắn trong nước chỉ cần tin nhắn với các mạng gì hết nội mạng thôi cho một mạng mobile thì gói này có ngàn phút nữa chị còn trăm hai thì gọi không giới hạn hai chục phút tắt vậy là nhà thuốc mình gọi mình không có dưới mạng mình không tắt đúng không dạ đúng rồi dạ đăng ký sao đăng ký giùm chị chị nạp tiền không em đợi em đăng kí cho chị vào tài khoản có bốm mươi bảy nghìn không đủ đúng rồi để chị nạp tiền cho số tài khoản của chị rồi chị giữ lại nhá thế bây giờ em gọi chị nộp tiền đủ á em đăng ký giùm cho chị luôn hả chị phải phải gọi lại để trong là năm chín nghìn dạ đúng rồi dạ chị trong mười phút nữa chị có nộp tiền không hả nếu mà chị nạp được thì em em đăng ký cho chị luôn chị hỏi cái soạn tin hay gọi lại gì hết ý đăng ký giùm chị luôn gửi tới tắm em chị đi rồi vậy em gửi hết sáu mươi hiện tại chị nạp tiền đổi em đăng ký thêm năm chín cho chị em đăng ký cho chị luôn nha dạ để em tư vấn gói cho chị cái gói này thì tự động gia hạn sau ba mươi ngày nếu chị đủ tiền còn không có đủ là cái gói cước tại bị quỷ nằm tiền để đăng ký lại bảy ngày không chuyển mạng thiểu số để cam kết với hạn quy định phải hoàn số tiền bằng giá gói nhưng số tháng cam kết còn lại và cái gói cước này khi mà sử dụng số phút ngoại mạng không có dụng hết là mẹ oxy các bạn trước thì khoảng bao lâu nếu chị duyên nạp tiền á để em gọi hỗ trợ luôn cho chị nộp liền không chị lên nộp liền chị nộp lệ chị gọi chị cứ nạp đi em bảo nộp tiền đi em gửi tám e em gửi tám là số phút 8e còn lại mất chị khi cập nhật năm chín ủa anh nghe chị dạ
881897068939942.mp3,49.26,dạ cho xin nghe em là biết giúp gì cho anh chị ạ dạ chị ơi cái sim em bị lỗi á bây giờ em muốn địa chỉ của bên mobile á để em ra kiểm tra sim cho em xin địa chỉ mới đấy anh vui lòng chờ em chút anh cho em biết tên để em tiện xưng hô đượ không ạ dạ duy em cho anh duy là anh duy đang ở quận mười đúng ông ạ dạ bên em thì đang có hai hai trăm chín mươi mốt a tô hiến thành phường mười ba quận mười đấy anh duy bao nhiêu ạ hai trăm chín mươi mốt a tô hiến thanh hai trăm chín mươi mốt huyện thanh phường mười ba quận mười dạ dạ em cảm ơn làm việc thứ hai đến thứ sáu là 7h30 đến 20h thứ bảy chủ nhật là 8h đến 18h hai trăm chín mươi mốt a đúng không ạ dạ đúng rồi dạ rồi từ trước thì đi ra cửa hàng anh đã biết chưa
881897068939943.mp3,117.12,dạ mobifone xin nghe em sẽ hỗ trợ cho anh chị chị ơi em tên sang chị cho em hỏi số điểm tích lũy của em được nha chị đang gọi lên tổng đài hay số nào chị số này để em kiểm tra lại cho mình nha dạ dạ hiện tại số điện thoại của chị em kiểm tra thông tin trên hệ thống là sáu ba ba chín cuối hả chị dạ mình tên kiên hà thanh sang ạ vâng chị sang chị dạ dạ vâng chị em thấy cái số điện của mình có hơn mười nghìn á chị hay chị gọi cho em phút gọi á dạ số này của chị luôn hay sao chị dạ dạ chị đang ở tỉnh thành chị em hết chị khi mà đăng ký thông tin cho chính chủ theo quy định nhà nước người ta bảo hiện tại số chín sau này em có đường lên cập nhật thông tin online cho chị hẳn khi nào chị hẳn phải cập nhật giúp em nha dạ còn không mang căn cước công dân cùng xin liên hệ cửa hàng nhiều nhất để em hỗ trợ hả anh em em phản hồi chị còn bây giờ em đổi cho chị là hai nghìn điểm đừng gọi cho mobile viettel rồi vina nữa thì em sẽ được hai ngày để được chăm chút chị cũng đỡ bao nhiêu như thế này cả trăm mốt hai trăm mốt hả em gọi chăm sóc hai trăm phút hai trăm phút thôi chị à dạ rồi ờ của mình là bốn nghìn việc hạn sử dụng là ba mốt ngày kể từ khi nhận thưởng em nói chị là ngày mười tám tháng mười tới hai hai mới được nhận được chị dạ tại vì em không biết xử rồi cái mới chị làm giùm em được tới ngày hai hai mới nhận được chị nha hai trăm phút ha dạ rồi chị rồi cám ơn chị có chị chị ơi gọi vụ mình tặng điểm được không chị mình không có tặng được chị dạ mình đang đồng chị không có đặt được chị khoảng bạn nói tạm dừng chị thì em mới hài lòng thôi đúng rồi chị dạ cám ơn chị tháng em còn nhiều được chị ạ hãng của chị hiện tại còn không đồng á chị dạ dạ vậy rồi cám ơn chị nha dạ
881897068939944.mp3,79.8,dạ em chào quý nhá em gọi từ tổng đài nhà mobifone em tên vân anh em có ghi lại để chị hết pin cũng như công tác một số ông tin ưu đãi trước khi xin thay mặt hai song gửi lời cảm ơn quý khách đã đồng hành cùng với motor trong thời gian vừa qua ạ cho em xin hỏi thăm là trong quá trình sử dụng sim mobile thì mình ăn nào cần hỗ trợ giải pháp không ạ dạ không không sao gặp khó khăn dạ dạ khó khăn như thế vậy anh dạ không có dạ dạ không có lịch à chị cảm ơn anh phạm duy là chủ thuê bao đúng không ạ dạ đúng dạ dạ em đi hông tin á đúng rồi mình đang sử dụng của mình đang sử dụng thì có nó mắc gì thêm không anh dạ không dạ bên em có chương trình tích lũy để bảo hưởng ạ cứ gọi một nghìn đồng tiền cước phát sinh trong tài khoản chính mình sẽ nhận một điểm khi nào đủ điểm thì sẽ có chương trình quy đợi để mình cứ sốt gọi bên em sẽ thông báo sau nha xin mời anh đọc quy đổi dạ anh có muốn đăng ký cái gọi mê ca dành cho ba kí không được miễn phí tới hai nghìn phút gọi đến 26 này bao gồm mận và chương trình này là miễn phí dạ không dạ chị chưa có nhu cầu có thể tham khảo thêm dùm em nha dạ dạ rồi em cám ơn anh nhiều để điện thoại viên chao đảo với em ạ vâng chào anh
881897068939945.mp3,160.8,em xin cảm ơn anh nhật đã chờ máy ạ dạ a lô anh nghe em chào dạ rất xin lỗi thì để em chờ máy lâu dạ thưa anh theo em thấy là hai trăm nghìn hôm qua anh có nạp tiền vào ý thì mình có thực hiện hai cuộc gọi thì trừ cũng có gần hai nghìn thôi còn còn còn lại là bị trừ một trăm sáu mươi ba nghìn haitrawm bảy mươi lăm đồng với lý do là vào lúc 12h46 điện thoại đó có mở dữ liệu di động lên để truy cập internet với khoảng 13h17 thành ra truy cập mạng trực tiếp và bị trừ phí như như như vậy là hồi lúc anh đăng ký lại gói cước bốn bốn g là hình như là hết hạn rồi anh mở cái việc lập lên là nó tự dạ đúng rồi khi mà có cước không còn trên sim thì anh chủ động tắt dữ liệu di động dùm em khi em nạp tiền xong bên đợi giúp em trong khoảng trong vòng vài phút và khi mình đăng ký thành công gói cước có tin nhắn báo đều hết mình hay sử dụng em thấy là tại vì hôm bữa ngài mười bảy tháng chín á mình có yêu cầu là không gia hạn gói cước theo hình gian hôm qua anh nạp tiền bên em không có chuyên hùng tự động được nên hành ra không có gói nên và rất biết phải báo là sim này mình có trợ lên mạng trực tiếp đó là da nên tính nhiêu trừ hết còn còn còn lại là gọi điện thoại thôi ạ dạ cái phần mà lên mạng á lúc nào bên em cũng luôn luôn báo với khách hàng nên tắt dữ liệu di động hoặc là em bên em sẽ chủ động cắt luôn cái đường truyền data để tránh khách hàng lên mạng trực tiếp á dạ em thấy hình như là hôm qua anh có nhờ người à thưa với hồi nãy em có nhờ một người đó cách data rồi bây giờ anh có mở mạng lên thì cũng không dùng không được mà không có bị trừ tiền nhưng mà dạ sao lại không có gói thì chủ động tắt dữ liệu di động dùm em là được hàng không có bị gì hết á dạ anh cảm ơn em bởi vì hôm qua chắc tại vì anh mới làm hai trong nhà mà tự nhiên cái nó nó tốt anh phải biết là anh anh nghĩ là hồi lúc anh đăng đăng ký 4g là nó còn cái thời hạn nhưng mà hết hết hạn anh không ai bởi vì sự mở di động anh mở lúc nào luôn luôn đấy ạ dạ vâng chắc có lẽ là mình đi làm việc mình không có để ý tin nhắn bên em thì thường sẽ gửi tin nhắn cho khách hàng thông qua 99 để báo thời hạn sử dụng gói cước bây giờ anh chỉ cần tắt dữ liệu di động sẽ không có bị sao hết á thuê bao anh thì em thấy hoàn toàn bình thường rồi rồi cảm ơn nhiều nhiều dạ dạ em nhận cái tin anh truy cập trên hlive hoặc mình tải ứng dụng my mobifone về để kiểm tra tài khoản theo dõi gói cước dịch vụ đang dùng và nhiều tiện tích khác anh tải ứng dụng đó về để mình dễ quản lý sim để lấy tuấn không anh phải về anh cám ơn nhiều nha dạ dạ anh cần hỗ trợ gì khác không ạ thôi anh ha dạ dạ em cám ơn hỗ trợ anh
881897068939946.mp3,37.98,dạ mobifone xin nghe dạ em tên là huệ dạ chị cho em chỉ cái hướng dẫn mà hủy đăng kí nhạc chờ chị hủy nhạc chờ hả chị dạ dạ rồi để hủy ờ trước khi chị vui lòng cho em biết chị tên gì để tiện xưng hô với chị chị em chào chị trinh chị là chủ thuê bao số đang gọi lên cho em đúng không chị dạ dạ dạ để hủy chị soạn tin nhắn giúp em cú pháp chữ hủy không dấu gửi chín hai hai bốn là hủy được nha dạ là hủy hết luôn đúng không ạ dạ đúng rồi không hủy không dấu gửi chín hai hai bốn dạ đúng rồi dạ
881897068939947.mp3,97.5,dạ mobifone xin nghe em tên trang em có thể hỗ trợ vấn đề gì cho anh chị ạ a lô xin chào mình có làm thủ tục là chuyển nhánh số không tại sao bên bạn thông báo là cứ không chuyển được lý do gì để biết được không thao tác mà số điện thoại này phải không ạ đúng rồi dạ anh vui lòng cho em biết tên để tiện xưng hô với anh à mình tên sơn chị ạ em chào anh sơn anh sơn là chủ thuê bao này được đúng không ạ đúng rồi ạ anh anh tiếp tục sử dụng mạng mobile để mà lại chuyển mạng anh ạ ờ bạn ơi bây giờ mình mình mệt với mạng bên bạn lắm rồi nó chập chờn liên tục mất mạng hiện tại thì em thấy anh có yêu cầu chuyển mạng ngày mười bảy tháng mười hệ thống để trạng thái chuyển mạng là dựng quỹ không đủ điều kiện hệ thống để làm chưa thỏa tiêu chí về các cam kết đối với nhà bản gốc nên hiện tại chưa có chuyển đi được gì cho biết được không hệ thống chỉ để thông tin chung như vậy thôi còn để kiểm tra cụ thể thì anh có thể đem sim chứng minh cho họ căn cứ công dân bản gốc đứng chủ thuê bao liên hệ trực tiếp cửa hàng mobifone để kiểm tra lại vấn đề cam kết này lại xem như thế nào dạ anh đang ở quận mấy bên em cung cấp địa chỉ có hàng bên em cho anh ạ vâng em cảm ơn bạn nhá có được đúng không ạ rồi chị biết rồi em kiểm tra có gì anh liên hệ trực tiếp quốc hành giúp em nhá dạ
881897068939948.mp3,73.44,dạ mobifone xin nghe em giúp cho chị ạ chị ơi cho cho hỏi điện cái số điện mới làm xong thì là mới dạ số điện thoại anh đang gọi luôn đúng không ạ à thế chị em cho em xin tên để tiện xưng hô ạ hả em cho em xin tên của anh anh lưu dạ vâng dạ em chào anh lưu hiện tại bên em kiểm tra thuê bao của anh em thấy có dữ liệu nạp tiền nhưng mà thời thông tin bị trừ thì em chưa xem được nhưng mà em thấy thuê bao này có bật 3g luôn nếu có đang mở dữ liệu di động thì anh tắt đi giùm em với thuê bao ở dưới huyện di động không có đăng ký gói sẽ bị trừ cước bảy lăm đồng 3g dạ nếu vậy thì có gì tầm khoảng ba tiếng sau anh gọi lại tổng đài để kiểm tra thông tin từ từ tại vì anh mới nạp tiền bị trừ em chưa xem được em chỉ thấy mới có thực hiện một cuộc gọi là bị trừ tiền vào lúc mời ba h bốn mươi là sau khi anh nạp tiền số tiền còn lại thì năm chục ngàn dạ có gì khoảng ba tiếng sau anh gọi lại tổng đài để kiểm tra xem giùm em với à thế dạ dạ em cần hỗ trợ vấn đề
881897068939949.mp3,109.8,dạ em cảm ơn chị trang đã vì máy ạ dạ dạ cái này là cá cái mã số cái mã ngàn của chị á là nó có số không hay là nó bắt đầu bằng ký tự chữ cái chị chị dạ chị có gì chị soạn tin giúp em là dk khoảng cách vt khoảng cách mã data có nha chị dk khoảng cách vt khoảng cách mã đây có đúng không dạ là cái mã chị tức là hiện tại em thấy thuê bao của chị thân chưa đúng chủ cái này chị gửi cho em xin lỗi cái này chị gửi cho 9034 giúp em nha chị cho dạ dạ dạ em thấy thuê bao là của chị chưa đúng chủ chị để đảm bảo hiện sở hữu thuê bao và giữ nguyên là hôm xuống thì trang vui lòng cập nhật thông tin chính chủ theo đúng quy định nhà nước giúp em nha chị đang ở tỉnh thành phố nào vậy chị ờ thành phố hồ chí minh cái này mình thậm chí minh nhân dân đi ra đăng ký thuê bao này hả chị dạ đúng rồi chị cầm căn cước công dân hoặc là chứng minh nhân dân ra cửa hàng mobifone cập nhật lại thông tin chính chủ giúp em nha và mang phim theo luôn nha chị trang chị biết cửa hàng mobifone chưa chị dạ chưa chị chị ở quận mấy chị em ở quận gò vấp hiện tại thì để em kiểm tra em thấy là hồ chí minh quận gò vấp có cửa hàng số 170c quang trung phường 10 quận gò vấp thời gian làm việc này từ thứ hai cho đến thứ sáu 7h30 cho đến 9h tối thứ bảy chủ nhật là 8h cho đến 7h tối á chị dạ dạ dạ vậy chị đang cần hỗ trợ thông tin nào khác không chị dạ không ạ em cảm ơn anh dạ vậy khi nào chị cần hỗ trợ chị vui lòng liên hệ lại em cám ơn em chào chị nhá dạ
881897068939950.mp3,71.34,dạ mobifone nghe em tên giang xin phép được hỗ trợ cho anh giang mà này anh hỏi hỏi anh cái này cái em dạ phạm như cái điện thoại điện thoại của anh á là họ gửi đến đúng không dạ gửi đến là nó không có mà sao mà anh gửi tin nhắn là nó không được em à nó trả lại nó nó nó gửi tin nhắn lại cho anh là hộp thư bị đầy mà trong máy anh là không có tin nhắn dạ trường hợp này của anh á tại vì không có kiểm tra được cái phần máy của mình nha thì nếu như mà anh nói là trường hợp thư đến của anh anh xóa hết tin nhắn rồi nhưng mà sóng vẫn báo là hòm thư bị đầy á có thể là do cái phần máy của mình cài đặt á anh thử mang máy qua cửa hàng điện thoại kiểm tra lại cái hộp thư giúp em nhá rồi rồi dạ vâng ạ vâng tại vì nhiều lúc á của anh á là cũng như cái hộp thư của anh anh coi nè hộp thư gửi đi nè đúng không dạ mình gửi tin dạ là coi coi nó có mà cũng không có tin nhắn mà khi đến cũng không có mà anh gửi đi là nó cứ hiện là đầy không à dạ vâng trường hợp này thông cảm anh ra cửa hàng điện thoại mình kiểm tra lại luôn cho mình nha rồi rồi dạ vâng dạ rồi dạ rồi vậy anh cám ơn em cám ơn anh dạ vâng dạ vâng chị cần hỗ trợ thông tin nào khác không ạ
881897068939951.mp3,77.76,dạ mobifone xin nghe em tên trang có thể hỗ trợ gì cho anh chị ạ ừ em ơi sim này á nó gửi nhận á bị khóa hai chiều rồi á em em thử gọi cho nhân viên bên tổng đài rồi á mở vô loại mới dùm anh đi cho anh sài á em kiểm tra xem họ mở chưa dạ anh kiểm tra số đang gọi cho tổng đài đúng không ạ đúng rồi đúng rồi em thấy thuê bao này của mình về anh có thể vui lòng cho em xin tên để dễ xưng hô được không ạ dạ anh phương anh phương ạ anh phương phải không ạ đúng rồi dạ xin lỗi có thể là anh phương em thấy là vào thời điểm ngày mười một tháng mười là bên em đã mở chặn hai chiều cho mình rồi đấy ạ sim này của mình hiện tại đang hoạt động bình thường anh không chặn gì hết bây giờ là họạt động bình thường đúng không dạ đúng ạ rồi cám ơn em dạ nếu mà từ ngày mười đến giờ anh chưa tắt nguồn máy anh phương vui lòng tắt nguồn máy đi khỏi lại đồng bộ hệ thống cho mình tốt hơn ạ rồi rồi rồi thì sẽ không có tính là tức là mở hai chiều cho anh rồi đúng không em dạ đúng sim anh đang gọi đây là đang hoạt động bình thường rồi đấy ạ rồi rồi rồi chị cám ơn em nha dạ dạ em không thấy mình trả lời ạ dạ rồi dạ anh
881897068939952.mp3,130.08,dạ mobifone xin nghe em tên liên có thể giúp gì cho anh chị ạ ừ em ơi cho chị hỏi là chị muốn chuyển đổi cái cái cái thuê bao này qua trả trước á gửi thủ tục như nào hả anh dạ cho cho em hỏi chị tên gì để em tiện xưng hô chị tên thảo em chào chị thảo chị thảo nói về số đang gọi tổng đài đúng không ạ đúng rồi dạ thủ tục đến cửa hàng bên em ghi sau chị thảo vui lòng em theo chứng minh thư hoặc căn cước công nhân còn hiệu lực kèm theo sim gốc mình đến cửa hàng làm thủ tục chuyển đổi khi mình chuyển đổi từ trả trước sang trả sau á thì bạn nhân viên em xin lỗi thì trả sau sang trả trước thì bạn nhân viên sẽ yêu cầu chị nạp thêm năm mươi ngàn vào tài khoản trả trước và toàn bộ tiền cưới của trả sau mình nợ bao nhiêu thì chị vui lòng thanh toán thanh bấy nhiêu giúp em và những chương trình khuyến mãi mà chị thảo đang tham gia khi chuyển sang trả trước thì mất hết thì nó có tài khoản thanh toán của trả sau nếu mà chị thảo thanh toán dư số tiền lớn hơn một ngàn đồng thì khi chuyển đổi sang thuê bao trả trước thành công thì bên em trả hoàn trả số tiền dư này vào tài khoản chính của chị tuy nhiên bên em sẽ không hoàn trả ngay mà sẽ hoàn trả trong vòng mười ngày tính từ ngày bên chỗ trả sau thành công chị nhá dạ chị cung cấp cho mình cái địa chỉ ở địa chỉ cửa hàng vinphone á quận tân bình hoặc là ở quận tân phú với ạ dạ nếu có quận tân bình thì bên em có cửa hàng cửa hàng nào phường mười hai tân bình có chị dạ bên mình bên em có cửa hàng nằm ở trường chinh thì thuộc phường mười ba hoặc là cộng hòa thì cũng thuộc phường mười ba còn quận tân phú thì bên em có cửa hàng phường mười ba là địa chỉ số bao nhiêu ấy chị hả phường mười ba tân bình trường chinh ý dạ trường trinh là ba một bốn b trường chinh phường mười ba quận tân bình ba một bốn b trường chinh đúng không ạ dạ đúng dạ dạ rồi cám ơn chị nhá để để em để tra cái này đã dạ chị lưu ý là làm việc từ thứ hai đến thứ sáu từ bảy giờ rưỡi đến hai mươi giờ còn thứ bảy chủ nhật là từ tám giờ đến mười tám giờ dạ rồi cám ơn chị nhá dạ khi cần hỗ trợ thêm chị vui lòng liên hệ tổng đài em cảm ơn em chào chị ạ
881897068939953.mp3,10.26,dạ mobifone xin nghe em tên trang xin phép được hỗ trợ anh chị ạ nghe rồi dạ alo tổng đài xin nghe dạ tổng đài xin nghe
881897068939954.mp3,47.58,dạ mobifone xin nghe em là hương em có thể giúp gì cho anh chị em cho chị hỏi là cái số mobifone của chị á cái số chị đang gọi em á tại sao mà ba g chị không có vậy chị tên gì em tiện xưng hô với chị à chị tên trang xin lỗi chị trang về sự bất kỳ số đang gọi lên là ba một bốn đuôi đúng không chị trang đúng rồi chị có đang mở dữ liệu di động lên rồi đúng không ạ đúng rồ em em không thấy gói truy cập mạng có sẵn rồi á chị đang dùng điện thoại hai sim hay sao chị trang chị dùng một sim mà em iphone à điện thoại một sim bây giờ em làm mới đường truyền lại cho chị chị trang vui lòng tắt máy hai phút đi chị khởi động lại rồi thử lại giùm em xem dùng được chưa nha bây giờ chị tắt máy luôn đúng không dạ rồi rồi
881897068939955.mp3,97.32,mobifone xin nghe em em là lộc em giúp được gì cho chị ạ em ơi cái số 0903348449 này nối đến ba g của anh nó có vấn đề gì ý xin lỗi anh về sự bất tiện nhờ anh cho em biết tên của mình để tiện xưng hộ ạ ờ anh bình anh bình đang cần hỗ trợ số thuê bao anh bình gọi cho em phải không anh bình em tắt máy làm máy máy làm nhưng mà vẫn chưa được này ý là em xin lỗi anh bình báo là mình truy cập mạng chậm đúng không anh không không không truy cập được luôn ba g mà sao nó không được dạ xin lỗi anh trước đó anh có gọi lên tổng đài bên em có bạn làm mới đường truyền cho mình rồi mà chưa được thì em xin lỗi để em đồng bộ lại sim trong thời gian đồng bộ sim anh giúp em tắt nguồn khởi động lại sau năm phút nha dạ năm sáu năm phút nữa tắt máy hả kết thúc cuộc gọi anh tắt nguồn năm phút sau ở lại ạ à dạ xin lỗi anh vì sự bất tiện này anh bình cần em tư vấn thêm thông tin nào khác không ạ dạ anh cần tư vấn thêm thông tin nào khác nữa không ạ dạ không em xin phép gửi anh bình đường link tại mailmobifone nhá để kiểm tra dịch vụ khi nào anh cần hỗ trợ anh gọi lại sau dạ dạ em cảm ơn anh bình em chào anh bình dạ a lô em xin lỗi anh có cần hỗ trợ thông tin nào khác không ạ nếu không cần dạ dạ anh thông cảm gác máy giúp em để em tiến hành đồng bộ luôn nha dạ dạ xin lỗi anh dạ cám ơn anh dạ dạ
881897068939956.mp3,36.24,em cảm ơn anh đã đợi máy trên này của anh nếu ứng tiền thì có thể ứng được tài khoản phụ ứng được mười ngàn mười năm ngàn hai mươi ngàn cộng tài khoản phụ khuyến mãi ba trăm phí mười phần trăm ạ ờ chị ấy giùm em mười ngàn đi là gọi ngoại mạng được đúng không ứng này gọi ngoại mạng được anh nếu ứng tiền anh soạn ut mười viết liền chị ứng giùm em đi ứng tiền bên em không ứng qua tổng đài được anh ạ địa chỉ của em anh bấm ut mười viết liền nhau luôn anh gọi đến tổng đài chín tám tám giúp em dạ
881897068939957.mp3,191.64,dạ mobifone xin nghe em tên là nhật em có thể giúp thông tin gì cho anh chị ạ à bạn ơi mình muốn đăng ký cái gói sns mà ba mươi k dạ cho số điện thoại không chín không bốn dạ ba bảy hai chín chín một không chín không ba bảy không chín không bốn ba bảy hai chín chín một chín một dạ dạ chị là chị vân ạ ừ đúng rồi dạ em chào chị vân dạ vâng x ba mươi p phở thì số này hết sản lượng rồi chị vẫn hủy gói cũ đăng ký số mới giúp em nha chị ừ cái đó đăng ký làm sao chị qua mất tiêu rồi dạ gói cước này sẽ cam kết sử dụng mạng mobifone mười hai tháng tính từ lần đầu tiên đăng ký trường hợp ủy cam kết trước quy định thì ra cửa hàng mô phân hoàn phí nha phí sẽ bằng giá gói nhân trên sáu tháng cam kết còn lại hiện tại thông tin mình mình đã chưa gói này được mấy tháng khi nào được mấy tháng gì em dạ không có nghĩa là sim này là sim mobile sử dụng dịch vụ mobifone và không chuyển nhà mạng khác á chị vân và gói cước của mình thì ba mươi ngày sử dụng và tự động gia hạn soạn giúp em chữ huy không biết nó tự gia hạn không ta dạ không chị có tức là ba mươi tháng mười mới gia hạn nhưng mà chị xài hết sản lượng miễn phí trước gia hạn lên chủ động phải hủy và đăng ký lại gói mới giúp em vậy phải hủy để gia hạn sản lượng của gói sẽ không nhận sóng vina thông tin gói cước là chị vẫn nắm rõ lấy cú pháp hủy đăng ký lại là được đúng không chị vân đúng rồi chị muốn dạ soạn giúp em là chữ hủy không dấu cách khoảng x ba mươi p phở viết liền x ba mươi bê phở viết liên dạ gửi chín chín chín ba số chín phí gửi phát sinh hai trăm đồng đăng ký lại là soạn hết x ba mươi p phở viết liền gửi ba số chín được rồi từ từ x ba mươi p phở bê viết liền gửi hủy các khoản x ba mươi p phở gửi chín chín chín sau khi hủy rồi đăng ký lại thì x ba mươi p phở viết liền gửi ba số chín để mà để hưởng ưu đãi của của à bên mình có thể là gì đúng không để đăng ký đăng ký thành công có thông báo rồi kiểm tra sử dụng giùm em nhá ừ hiện tại có hỗ trợ chị vân ứng dụng mailmobifone đăng ký thành công ba mươi nghìn đồng ba mốt ngày ba trăm tin nhắn là một trăm ba mươi tin nhắn lên mạng đúng không gói này ba mốt ngày sử dụng chị chị cảm ơn nhá có hỗ trợ ứng dụng mailmobifone tiện cho việc nạp tiền kiểm tra thuê bao gói cước gói cước dịch vụ sử dụng dạ và nhiều tiện ích khác kiểm tra tiền trong tài khoản chị vẫn có sử dụng không để giới thiệu thêm với mình kiểm tra tiền trong tải khoản ý hả đúng rồi chị không cần không có gì gọi tổng đài cũng được mà dạ rồi cần hỗ trợ thông tin nào khác không chị không biết rồi cám ơn chị nha dạ khi cần hỗ trợ thêm thông tin vui lòng liên hệ lại em cám ơn chào chị trường hợp
881897068939958.mp3,21.66,dạ mobifone xin nghe ạ em tên hương em có thể hỗ trợ gì cho anh chị ạ dạ tổng đài em xin nghe ạ alo ạ dạ em rất tiếc tổng đài chưa nhận được tín hiệu từ quý khách tổng đài xin phép được gác máy trước dạ khi cần hỗ trợ thông tin quý khách vui lòng liên hệ lại tổng đài em cám ơn em chào quý khách ạ
881897068939959.mp3,139.38,dạ mobiphone xin nghe em có thể giúp gì cho anh chị ạ dạ chị ơi dạ chị ơi chị à hồi nãy em có nhờ anh kia hỗ trợ tăng hạn mức hả dạ không alo em gửi tin nhắn được hông có được đó chị thì chị ấy chứ em xin lỗi em đang sử dụng của mình vậy chị đọc điện thoại giùm em ha dạ số điện thoại để điện thoại à số điện thoại này lâu quá rồi hôm qua văn phòng như vậy điện thoại sau đó thì sao mà về alo thiếu tiền dạ không tám chín chín tám một bốn chín bốn năm dạ chị vui lòng cho em xin biết tên em tiện xưng hô ạ dạ em tên thanh ạ dạ chị thanh muốn đổi hạn mức bao nhiêu chị dạ em muốn tăng hạn mức lên một triệu á chị dạ vâng số này bây giờ đang giảm tối đa là năm trăm nếu mà lên một triệu là tới trực tiếp trung tâm mobile luôn á chị mình nâng hạn mức đồng bộ được sáng hôm đó nói em soạn tin nhắn này hoài hổng được dạ em xin lỗi chị tại vì giờ nó đang đạt tối đa năm trăm hình của mình trong nước chung rồi nên nếu mà chị nâng mobiez lên một triệu cũng phải ra mobifone đổi hạn mức chung lên một triệu luôn nó mới đồng bộ với nhau được tăng mất mất cái số này thôi đúng không dạ đúng chị nhưng mà tình huống của chị không có soạn tin được mà phải ra quầy luôn đó chị mình thay đổi hạn mức chung đơn thành một triệu dạ em nhờ bên giao dịch viên làm được không chị tại vì cái này từ mua số khác hoàn toàn ừ ừ đại lý làm bên em dạ vậy là bên credit họ làm được họ giao luôn hả chị dạ không ở bên xong bên công ty em có số tiền là em hay nạp tiền này kia là bên đó hỗ trợ hết á thì chị gọi trực tiếp cho nhân viên đó giùm em tại vì mấy bạn có chức năng đấu số thì có chức năng nâng hạn mức á chị rồi rồi rồi em cám ơn nha cám ơn chị thanh ạ mình hỗ trợ gì nữa đúng không ạ dạ dạ dạ chị cần tư vấn thêm xin vui lòng gọi lại ạ
881897068939960.mp3,154.74,dạ mobifone xin nghe em tên ngân em có thể giúp gì cho anh chị ạ ủa chị em em à hồi sáng á à hủy cái cái c một trăm hai mươi á mà sao giờ giờ giờ đăng ký lại đăng ký hổng được là sao chị dạ em rất tiếc về trường hợp phải chứ chị dạ chị cần hỗ trợ cho số thuê bao chị đang gọi lên tổng đài hay số khác ạ ngay số này luôn không bảy không hai dạ chín chín một dạ bốn tám hai dạ chị vui lòng cho em xin tên của chị để em tiện xưng hô với chị ạ chị ngọc thúy dạ chào chị thúy ạ thì hiện tại em kiểm tra thì em thấy số thuê bao này của chị thúy á mình không còn xổ số đăng ký gói cước c một hai mươi nên chị thúy không có tham gia lại được chứ ạ dạ vì để đăng ký gói thì chị phải thuộc đối tượng đăng ký gói chị thúy mới có thể tham gia được hiện tại thì đối với gói cước đơn kỳ thì chị thúy không thể tham gia được tuy nhiên thì chị thúy có thể tham gia bao nhiêu tháng chức năng giờ đó dạ em hiểu trường hợp của chị tuy nhiên thì chị thuê bao của chị để đăng ký được gói cước á thì chị phải thuộc đối tượng đăng ký gói chị mới có thể tham gia còn nếu như chị không thuộc đối tượng chị sẽ không tham gia được ạ tại giờ không tham gia được cái cái cái số gì c một hai mươi mà c chín bốn cách nào được hết nè dạ hiện tại gói cước c chín mươi thì bên em đánh vần đăng ký mới rồi hiện tại bên em có gói cước c chín mươi n thì em thấy số thuê bao này của chị mình không thuộc đối tượng đăng ký gói cước c chín mươi n á nên chị không có thể tham gia được tuy nhiên đối với gói cước c một hai mươi á gói cước đơn kỳ chị không tham gia chị vâng em xin lỗi hiện tại vì em thấy là thuê bao của chị mình không thể tham gia được gói cước đăng ký c một hai mươi đấy ạ dạ ngộ quá à dạ tụi em cũng sắp xếp thời gian người ta xài nước nhiêu tháng mà mà mà mà mà mà sáng người ta mới hủy cho người ta đăng ký lại thì chưa chưa tới giờ hủy ra về tới mười năm giờ mấy mấy số này nè làm mới hết mà ta hủy xong rồi bây giờ người ta đăng ký lại thì hổng được dạ em rất tiếc về trường hợp này hiện tại thì chị lưu ý khi mà chị hủy cho toàn bộ cái ưu đãi của gói cước sẽ bị mất còn khi mà chị đăng ký lại chị phải thuộc đối tượng đăng ký gói thì mới có thể tham gia hiện tại đối với gói cước đơn kỳ thì chị không thể tham gia được tuy nhiên đối với gói cước dài kỳ thì chị có gì nếu mà chị có lịch sử sử dụng gói cước c một hai mươi đơn lẻ á thì trong vòng sáu mươi ngày định kỳ gần nhất kể từ thời điểm chị đăng ký gói thì chị có thể tham gia gói cước dài kỳ rồi chị có thể tham gia ba tháng sáu tháng hoặc một năm còn khi mà chị đăng ký gói cước chừng tháng cho thuê bao này của chị mình không còn thuộc đối tượng nên chị không có tham gia lại được ạ vậy thôi đi thôi đi
881897068939961.mp3,89.1,dạ mobilephone xin nghe em tên thủy em xin phép được hỗ trợ cho anh chị ạ xổ số bốn g số điện thoại này nó còn dung lượng thôi mà sao nó lại nghĩ đâu số mấy chị đang gọi lên tổng đài xem số một bốn bốn một rồi phải không chị đúng rồi đúng rồi rồi để em kiểm tra ạ có phải em đã tiết kiệm với chị ngân phải không chị đúng rồi đúng rồi em chào chị ngân nha hiện sim chị chưa có số mạng trên các tạm khóa thì ra trên sim chị ngân lại trước tránh phát sinh phí cái gói cước cv chín chín của chị em thấy là hết hạn vào ngày mười sáu tháng mười nè chị bây giờ hiện sim chị chưa có lên mạng nghe chị ngân à vậy hả vậy nó nó nó nó nó hết chưa gia hạn lại đúng không dạ đúng rồi bây giờ chị vui lòng nạp đủ chín mươi chín nghìn đồng giúp em nha để gia hạn là gói á mình nạp đủ tiền đúng không em dạ đúng rồi chị nạp đủ tiền hệ thống sẽ tự gia hạn lại cho chị nha à rồi rồi dạ rồi dạ chị vui lòng nạp tiền gia hạn khi có tin nhắn gửi về tắt nguồn này sử dụng em nha ờ dạ rồi hiện tại bên em có cung cấp ứng dụng mail mobilephone chị ngân có nhu cầu tải về để kiểm tra dung lượng gói cước kiểm tra tài khoản cũng như thông tin thuê bao và hiển thị trên sim chị có nhu cầu tải về hướng dẫn chị ngân tải về sử dụng à à à tải cái app rồi hả dạ đúng rồi nếu được thì chị vào trong phần app store viết chữ mail mobilephone bấm tải về đăng nhập số điện thoại và sử dụng nha ờ ờ dạ rồi ngoài cái này ra chị cần hỗ trợ thông tin nào khác nữa không ạ à không không em dạ rồi đến khi nào cần hỗ trợ thông tin đó chị ngân liên hệ tổng đài giúp em rồi rồi dạ em cám ơn chào chị ạ
881897068939962.mp3,54.66,a lô dạ a lô em chào anh ạ em gọi đến từ bộ phận chăm sóc khách hàng của mobifone ạ dạ để đồng hành cùng chương trình chuyển đổi số quốc gia cũng như hỗ trợ anh cập nhật lại thông tin chính xác theo quy định của nhà nước thì hôm nay bên em gọi ra là để mời anh liên hệ cửa hàng mobifone gần nhất để cập nhật lại thông tin theo căn cước công dân mới nhất là thì không biết là mình đã làm lại căn cước công dân mới gắn chípcho anh anh làm thanh số căn cước mới rồi dạ vâng ạ thì mình đã có giấy tờ tùy thân mới thì khi nào mình có thời gian mình đến cửa hàng mobifone để bên em hỗ trợ cập nhật lại thông tin cho đầy đủ và chính xác nha anh ủa cái địa địa chỉ mobifone ở chỗ nào vậy anh dạ mình ở cần đức long an ạ đúng rồi dạ mình có thể đến cửa hàng mobile ở địa chỉ là quốc lộ năm mươi khu một a thị trấn cần đước đối diện điện máy xanh thế giới di động huyện cần đước long an hả dạ vâng ạ dạ em cảm ơn anh em chào anh dạ dạ
881897068939963.mp3,93.96,dạ mobifone xin nghe ạ em tên tâm không biết em có thể giúp gì được cho anh chị ạ em ơi cái số mà chị đang gọi lên á có đang đăng ký cái dịch vụ gì em hủy hết đi giùm chị nha dạ chị vui lòng cho em biết tên chị để em tiện xưng hô được không ạ chị ngọc dạ số chị ngọc đang gọi đến thì em kiểm tra về dịch vụ thì hiện tại là em thấy như là nhạc chờ hay là báo cuộc gọi nhỡ hay là cái ba g bốn g là đều không có đăng ký chị ngọc à chị lưu ý giùm em thì sim này của mình để tránh phát sinh cước á thì chị em tắt cái dữ liệu di động trên điện thoại giùm em về chăm sóc dân ta thì chị ngọc à chị hông đăng ký gì hết mà do chị hỏi cái ba g của điện thoại đó dạ thì tại nếu mà chị mở ba g bốn g lên là chị sử dụng cái việc tính phí là bảy năm đồng trên năm mươi kb á chị à hay mình có sử dụng một cái gói tháng là chín mươi nghìn nhưng mà gói này nó đã hết hạn rồi thì trong thời gian chờ gia hạn lại thì ngọc có muốn sử dụng là gói hay không thì không thì chỉ đi dạ nó không có gia hạn lại chị mình nạp đủ chín mươi ngày là nó gia hạn lại á chị dạ em hủy cái chín mươi ngày đó đi giùm chị dạ vậy em tính anh gia hạn đó thì chị thì khi nào cần sử dụng chị đăng ký lại nhá ừ rồi có cái gì em hủy hết đi giùm chị để chị tắt cái ba g của điện thoại luôn dạ chị tắt dữ liệu ba g trên điện thoại bốn gờ trên điện thoại thì bên em là được ừ rồi chị cám ơn nha em hủy hết rồi hả dạ vậy khi cần hỗ trợ chị ngọc gọi lại rồi cảm ơn ạ dạ em xin lỗi bên em có cái máy gọi chị có thêm kẹo thêem không ạ thôi được rồi chị cám ơn nha dạ
881897068939964.mp3,8.94,dạ mobifone xin nghe em tên là ngân xin phép được hỗ trợ anh chị ạ dạ a lô ạ
881897068939965.mp3,83.34,dạ mobifone xin nghe ạ em là khôi em có thể giúp được gì cho anh chị ạ dạ vâng ạ cái sim này kiểu số này là anh gọi cho em sao nó chỉ là số ba g không có sim em sim bốn g tức là anh đang gọi lên tổng đài đúng không anh xin lỗi anh về vấn đề này anh cho em xin tên để bên em tiện xem hộ anh tên nguyễn văn kiên anh chờ em xem sim của anh đang là sim ba g anh trở lên được đường truyền mạng ba g thôi anh kiên ạ anh muốn lên sim bốn g thì anh phải nâng cấp lên sim bốn g anh đâu phải nâng cấp nó chỉ là đang ở cửa hàng mua không anh tên đi anh cầm cái số này anh đăng ký là anh kêu người đăng ký số này là khi đi cầm theo là chứng minh nhân dân chính chủ còn theo cầm theo cái sim này ra ngoài cửa hàng mobifone để bên em nâng cấp miễn phí là sim bốn g nhá mua không ưu tiên biết hết rồi đúng không ạ đúng rồi dạ vâng em chờ em giúp phương quận một thôi mà anh quận một một anh kiên đến cửa hàng là tám mươi nguyễn nguyễn du phường bến nghé quận một thời gian làm việc là từ thứ hai đến thứ sáu là từ bảy giờ ba mươi tới hai mốt giờ thứ bảy chủ nhật làm từ tám giờ sáng đến mười chín giờ
881897068939966.mp3,49.92,dạ mobifone xin nghe em là hương em có thể giúp gì cho anh chị ạ mà chị chị ơi chị chị coi chị hủy cái đăng ký mà ba g ngày gìum em chị em chào anh ạ anh có thể cho em xin hỏi anh tên gì không ạ để em tiên xưng hô tên sơn dạ em chào anh sơn thuê bao của anh có phải là không bảy không bốn chín bảy ba không bảy năm đúng không anh cơ đúng rồi đúng rồi khi gói cước c r x của anh sơn em đã hỗ trợ anh sơn để hủy rồi anh em hủy tự động hẹn rồi chị hủy giùm chị em đã hủy rồi em sơn hệ thống sẽ không gia hạn tiếp căn cơ gói cước crx này nữa đâu anh có thể vậy là hủy rồi đúng không chị dạ đúng rồi anh chị kiểm tra gói cước c chín mười nghìn đồng cho anh sơn ạ rồi rồi rồi rồi rồi chị cám ơn chị dạ dạ vâng có gì anh cứ gọi lên tổng đài cho em anh cơ ạ
881897068939967.mp3,33.9,dạ mobifone nghe em tên nữ em có thể hỗ trợ được vấn đề gì cho anh chị ạ chào em gái em gái em cho anh hỏi cái thuê bao của anh á cái này mấy em cho biết là thuê bao của anh là số mấy vậy dạ số đang gọi lên đúng không anh dạ đúng rồi dạ cho em biết được anh tên gì để em tiện xưng hô được không anh anh tên cảnh chào anh cảnh số anh đang gọi lên cho em là không tám chín chín rồi chín tám sáu không hai hai ha rồi rồi vậy anh cám ơn em gái nhiều dạ dạ
881897068939968.mp3,25.92,allo tổng đài mobifone xin nghe ạ allo tổng đài không nhận có nhận được quý khách tổng đài xin phép gác máy khi hỗ trợ thông tin khác vui lòng liên hệ tổng đài chào allo allo allo
881897068939969.mp3,46.56,dạ em cảm ơn anh phúc chờ máy ạ à thế ạ trên hệ thống thì em thấy là sim của anh phúc đang gọi thì không có cái chiều gửi tin nhắn đi vì đang bị mất cái chiều gửi tin nhắn đi rồi nên là bây giờ để hỗ trợ mở lại á thì anh cho em xin tên chủ thuê bao là tên ai vậy anh phúc chị của em hông à dạ thế anh cho em xin viết họ và tên nhá nguyễn thị xuân dạ vâng mình cho em xin thêm số chứng minh nhân dân của chị xuân ạ ba một một năm tám bảy một một tám dạ vâng em xin ngày cấp mồng tám tháng một năm hai không mười chín rồi dạ rồi em cảm ơn thông tin anh ạ được hai phút sau anh có thể gửi tin nhắn được anh nhá vâng cảm ơn em nhá để em hỗ trợ thôi để em có thể là
881897068939970.mp3,87.84,dạ mobifone nghe em tên là khanh có thể hỗ trợ chị kiểm tra sao cái số đây mà sao bao giờ mới nạp ba tỷ ba sao giờ ba dạ để em kiểm tra có thể vui lòng cho em biết tên chị được không ta chỉ chỉ lấy máu thôi sao cho anh anh tên gì anh tiện xuân được không em anh thiện đúng không anh dạ thì thì đang gọi lên nói đuôi là 26 ba em hiện là dùng thuê bao trên máy đúng không anh cô bảo sau tết được không liên quan hiện tại không có đăng ký gói là ngày nào hết để em sợ quá để mà cái này khám tên nước ngoài gói gói của anh ta giết nó từ 1310 rồi đến 13h40 nó cứ đem lại gia hạn trong 30 ngày thì mất cước anh lại động 8 400 200 này là nó hay là nạp đủ tiền tài nó cứ rất áp đủ chị em cho chị khi nào trên báo hiện thì anh tắt nguồn khởi động lại xem dạ dạ dạ
881897068939971.mp3,159.36,a lô dạ vâng em xin chào ạ em gọi đến cho mình từ tổng đài chăm sóc khách hàng của nhà mạng mobifone em tên uyên em gọi đến hôm nay thì cũng sẽ hỗ trợ chuẩn hóa thông tin thuê bao cho em xin số mình á chị à chị có thể cho em hỏi là số này á khi mua sử dụng là mình có đưa chứng minh để đăng ký thông tin chính chủ chưa có có có rồi cô dạ rồi dạ dạ à như vậy thì cho con xin phép gọi là cô ha con đang nói chuyện với cô lễ phải không cô đúng rồi à rồi rồi như vậy thì có nghĩa là thông tin của cô lệ đúng rồi cô lệ đang sử dụng nhưng mà hiện tại thì hệ thống vẫn đang cập nhật cái chứng minh nhân dân thì cô lại để làm lại cái căn cước công dân để sử dụng chưa cô ạ năm sau đi cô à rồi nếu như cô lại có thời gian rảnh á thì mình có thể là mình ghé giùm con cửa hàng của mobifone á cô thì để mình cập nhật cái căn cước công dân lên hệ thống để mình sử dụng theo quy định giùm con nha cô lễ nha dạ dạ dạ cái đó phải không cô đúng đúng rồi để con cập nhật lên hệ thống á cô lễ biết cửa hàng chưa con cung cấp cho cô địa chỉ nếu mình chưa biết địa chỉ hả mobifone á hả đúng đúng đã biết nói nó tới rồi mà à à rồi cô có rồi thì biết nó tới rồi à rồi dạ ngoài ra thì con thấy là số này của cô lại là mình đang có sử dụng cái gói cước một trăm hai gói cước lên mạng á cô chu kỳ sang tháng là mình đã nắm được thông tin của gói nó chưa cô lệ có mà hôm rồi cái phải cái này sáu tháng mới hết đúng không đúng đúng rồi sáu tháng ý con hỏi là cô sẽ nắm được thông tin của gói chưa là sao không hiểu thông tin của gói cước tức là mình được bao nhiêu dung lượng á là cô đã biết chưa không cô không cần dạ rồi con cung cấp cho cô nắm rõ hơn nha à dạ rồi tức là sáu tháng thì mỗi một tháng thì cô sẽ được gọi cho nội mạng thì được cuộc gọi miễn phí dưới hai mươi phút cuộc nào cũng vậy miễn dưới hai mươi phút cô được miễn phí hoàn toàn rồi khách hàng cũ được năm mươi phút lên mạng thì mình sẽ có bốn ghi một ngày cô dạ rồi ạ dạ hiện tại thì mình cứ sử dụng nha mobifone bên con thì cũng có cung cấp cho mình cái ứng dụng tiện ích mailmobifone để giúp cho cô có thể kiểm tra được tài khoản của mình là kiểm tra dung lượng gói cước của lệ đang sử dụng là nó còn bao nhiêu đó thì cô đã có tải cái ứng dụng này về để mình sử dụng chưa chưa dùng á dạ rồi dạ mình có nhu cầu sử dụng không con gửi cho cô đường link để mình tải thì tôi cũng không thích nhiều thứ rồi à dạ rồi dạ con không ạ dạ dạ không sao cô thì khi nào cô có cần hay có quan tâm gì đó thì cứ liên hệ tổng đài bên con bên con sẽ tư vấn thêm cho cô nha dạ dạ cám ơn cô dành thời gian trao đổi dạ con chào cô dạ cám ơn cô nhiều dạ dạ dạ
881897068939972.mp3,25.26,dạ mobifone xin nghe em tên là hà có thể hỗ trợ gì cho anh chị ạ à em ơi cái không một sáu bốn bây giờ đổi lại con số gì dạ vâng em chào chị ạ chị có thể cho em xin tên của chị để em sẽ tiện xưng hô với chị không ạ à chị hà dạ em chị em chào chị hà đầu số là không một sáu bốn của nhà mạng viettel á bây giờ đổi phòng không ba bốn á chị rồi cám ơn em nha dạ dạ vâng chị cần hỗ trợ thêm thông tin
881897068939973.mp3,38.46,dạ mobifone xin nghe em tên thanh hoa có thể giúp được gì cho anh chị ừ em ơi em em reset lại cái data giùm anh cái số này cái dạ em có thể cho em biết tên anh để em tự xưng hô hơn được không ạ à anh tên thuận em dạ chào anh thuận sim anh thuận đang gọi lên số không bảy chín hai bảy năm hai hai sáu hai mình là chính chủ đúng dạ anh đúng rồi sim mà anh thuận hiện tại sử dụng này hiện tại em thấy là dung lượng vẫn còn nhiều em reset lại data dùm anh ok dạ vâng ạ xin lỗi anh bây giờ anh tắt nguồn máy giúp em tầm sáu phút sáu phút sau anh mở nguồn máy giúp em thử lại dịch vụ giúp em nhá rồi cảm ơn em ngoài thông tin này em
881897068939974.mp3,89.76,dạ tổng đài mobifone xin nghe em tên trân em có thể hỗ trợ được gì cho anh chị em em kiểm tra anh cái số anh đang gọi tổng đài có đăng ký gói mạng tháng không dạ anh muốn đăng ký gói cước truy cập mạng tháng cho sim đang gọi lên em đang nói chuyện với anh trí đúng không ạ đúng rồi ạ dạ em chào anh trí anh muốn sử dụng gói cước tháng có kèm theo phút gọi không anh hay chỉ cần bốn g thôi gọi lô hàng đăng ký lên mạng nữa rồi em ơi dạ số này em thấy anh có thể đăng ký gói cước như chín mươi ngàn đồng gói này một ngày mình được năm ghi tốc độ cao hết năm ghi nó chuyển xuống băng thông chậm qua không giờ cung cấp năm ghi mới được không ạ được đăng ký gói đó dạ sử dụng gói này thì dung lượng không áp dụng chỉ dùng dữ liệu trong nước mình mà sử dụng thì chu kỳ đầu tiên anh sẽ được hưởng ưu đãi bốn năm ngày chu kỳ thứ hai trở đi là ba mươi ngày nha dạ hết dạ hết chu kỳ tài khoản anh trí đủ tiền thì gói tự hẹn tự động không đủ cái hủy mình tắt dữ liệu bốn g tránh trừ phí nha tính từ thời dạ gói hủy trong vòng ba mươi ngày có nạp đủ là chín mươi ngàn gói gia hạn tự động ở trên đây anh trí anh có sử dụng một gói bay mươi ngàn nữa thì cái gói này nó hết dung lượng nhưng mà nó vẫn còn thể hiện anh có muốn hủy gói này không ạ hủy gói đó đăng ký lại gói này dạ rồi giờ em hủy gói bảy mươi hủy gói ưu đãi gói mức em đăng ký là 90 đăng kí xong gửi tin nhắn về nhà anh tắt nguồn khởi động lại sử dụng giúp em nha anh trí đăng ký lại giùm anh anh cần hỗ trợ thông tin nào khác không ạ ờ được rồi dạ ngoài ra bên em
881897068939975.mp3,72.9,cám ơn anh đợi máy ạ em thấy giờ cái số của mình đang gọi không có thuộc đối tượng gói cước chín mươi ngàn là chín mươi chín ngàn đây là có hai bốn giờ một ngày anh được năm ghi tốc độ cao sau đó hạ băng thông xuống còn năm mê không giờ cộng dung lượng mới là bây giờ mình đăng ký thì một tháng được tính ba mươi ngày chứ không được bốn năm ngày đối với chu kỳ đầu anh nha ngày à một tháng là ba mươi ngày tính từ lúc anh đăng ký sử dụng ba mươi ngày thời hạn gia hạn vẫn vẫn vậy đúng không ạ nhưng mà giá của mình chín chín ngàn ba bốn năm thôi đúng không chín chín ngàn dạ đúng rồi trong điện thoại là chín mươi ngàn dạ đúng rồi vậy vậy em đăng ký luôn giúp anh bây giờ anh nạp thẻ luôn này dạ nó có khác cái phần này nữa là khi mình đăng ký thì nó có cam kết xây dựng nhà mạng mobi là bảy trăm hai mươi ngày không có được chuyển mạng giữ số có nghĩa là anh không có được triển khai nhà mạng khác để sử dụng cho cái số của mình còn nếu mà mình phải cam kết thúc trước thời gian quy định sẽ hoàn lại số tiền bằng cái số tháng cam kết còn lại thì bây giờ anh vui lòng anh nạp tiền vào em thấy đủ chín chín ngàn em đăng ký cho anh luôn khi đăng ký thành công bên em có gửi tin báo về lúc đó thì anh tắt nguồn khởi động lại trước khi sử dụng giùm em ạ rồi ok vậy bây giờ anh nạp vô rồi tắt nguồn mở nguồn là được đúng không dạ đúng rồi rồi cám ơn em nhiều nha dạ rồi dạ
881897068939976.mp3,81.72,dạ mobifone xin nghe em tên huyền em có thể giúp gì cho anh em muốn đăng ký 4g ạ dạ cho số chị đang gọi đúng không chị dạ dạ mình cho em xin tên để em tiện xưng hô được không ạ dạ em tên trang dạ em tên trang chị trang có muốn đăng ký thì bên em có gói ngày gói tuần gói tháng chị trang muốn đăng ký gói gì em muốn đăng ký gói có cũ ạ gói cũ em đang sài dạ các cũ là gói cước gần nhất hày là gói cước theo tháng đó là gói cước ab một tră dạ bây giờ chị muốn đăng ký thì chị soạn giúp em đó là eb một trăm như vậy soạn tin thì kêu là không gửi được xét trường hợp này em thấy thuê bao của chị em thì cũng không có đủ em xin lỗi chị giữ máy để em kiểm tra dạ em cảm ơn chị giữ máy ạ em xin lỗi em thấy chị đã thanh toán hai trăm mười nghìn rồi bây giờ nếu mà máy báo không gửi được thì chị thử tắt máy khởi động lại hoặc tắt xong mà cái máy khác để gửi chuyển giùm em đi dạ dạ dạ chị cần em hướng dẫn cú pháp lại không ạ dạ chị cần em nhắn cú pháp lại không chị trang chị là sao rồi chị soạn uv một trăm mình giử chín chín chín dạ rồi dạ em cảm ơn chị
881897068939977.mp3,65.88,dạ mobifone xin nghe em tên hùng em có thể giúp gì cho anh chị cho anh hỏi cái số này có đăng ký dịch vụ nào mà mỗi ngày nó trừ tiền anh có đăng ký cái dịch vụ nào mà kiểm tra giùm cái anh tên gì em tiện trao đổi tên vũ số anh vũ đang gọi có chương trình gói cước là không có cuộc gọi nhỡ gói cước a on để thực hiện trên sim này là mỗi ngày nó trừ tiền đúng không ạ mobile radio vậy là hủy đăng ký giùm được không cho nó khỏi trừ tiền á dạ được xin lỗi vì sự bất tiện này sau này anh vũ có thể soạn kt gửi chín chín bốn để kiểm tra những cái dịch vụ đứng tên còn để kết thúc cuộc gọi xong bây giờ em xác nhận hủy ạ rồi là hủy dùm rồi đúng không khỏi đăng ký đúng không phải hỏi bên tổng đài hủy dùm đúng không dạ vâng để em ghi nhận lại giúp anh mà nếu kiểm tra có đăng kí có đăng ký cái dịch vụ nào là là là để kiểm tra kt gửi chín chín bốn anh nha kt giử chín chín bốn ạ dạ vâng kiểm tra những dịch vụ trả tiền anh nha rồi cảm ơn nha ờ biết rồi nha
881897068939978.mp3,61.98,dạ mobifone xin nghe em tên là mai em có thể giúp gì cho anh chị ạ à em ơi sáu bản nhạc chờ hủy bản nhạc chờ anh dùm anh nha anh mới chính là người anh yêu mạnh cái em dạ vâng số điện thoại anh đang gọi cho em đây ạ ờ xong rồi em em cho cái mã hát hãy em nhìn lại giấc mơ sobin á dạ vầng để em kiểm tra cho em xin tên anh để tiện xưng hô với anh hủy em hủy trước để trừ tiền anh ạ xóa cái bài anh chính mới là người em yêu cho anh trước đúng không anh ừ dạ rồi bên em sẽ xóa liền cho anh rồi anh huy ơi nhắc lại cái tên bài hát mới mà anh muốn kiểm tra hay xem như là giấc mơ hãy xem như là giấc mơ của sobin ạ anh chờ máy giúp em kiểm tra bài mới nha cái bạn giang dở có không em xin lỗi ngắt lời anh để em kiểm tra cả hai bài đó anh chờ máy giùm em với nha anh rồi rồi dạ
881897068939979.mp3,121.86,dạ allo tổng đài mobifone xin nghe em tên nguyên xin phép hỗ trợ anh chị ạ allo có phải tổng đài mobifone không em dạ vâng đúng rồi anh allo anh đang gọi lên tổng đài mobifone đó anh dạ đúng rồi ủa sao nãy em thấy có cái số tám chín tám chín gọi và cũng nói tổng đài mobifone là sao ta nhưng mà cái cái số đó nói gì anh có phải là nói anh hai tiếng nữa bị bị phá hủy số không anh không nói mà tám chín tám chín có phải của bên em không bên em thường gọi ra cho khách á là một là số chín không chín không hoặc là một à em xin lỗi không chín ba chín một bốn bốn một bốn bốn chứ không có số tám chín đâu ừ vậy số tám chín tám chín không phải tổng đầu bên em hả vậy nó gọi nó nói là gia hạn cái gói ba g gì đó tư vấn cho anh gói cước đúng không anh ừ đúng rồi dạ anh tên gì cho em tiện xưng hô tên tài em dạ chào anh tài như vậy có thể là bộ phận bên đại lý đại lý thì gọi ra để tư vấn gói cho anh này nhưng mà thường là cái số này của anh là nếu mà có gia hạn hay không là của tổng đài chứ làm gì có đại lý mà gọi thì thường bên em sẽ gọi ra tư vấn gói cước của mình á anh tài nhưng mà trong trường hợp như đại lý này nó liên kết với bên em thì cái cái số nào đăng ký chỗ mobile mà không không biết từ mobi chứ làm sao mà đại lý được dạ cho nên là em nghi ngờ là đại lý gọi ra để là tư vấn gói cho anh tài thôi còn về gói cước bên tài á anh muốn đăng ký hay là như thế nào anh có thể gọi lên tổng đài để được tư vấn tốt hơn nhé ừ ok tại vì à thấy nó cũng hơi lộn xộn quá không biết cái nào đúng lúc nào là sao dạ xin lỗi anh tài nhiều lắm cần hỗ trợ anh cứ liên hệ trực tiếp chín không chín không để được hỗ trợ nha anh tài ok ok vậy thì có gì chưa biết là một số này là số chính thức rồi dạ ngoài ra anh có thể tải ứng dụng mailmobifone về máy để mình dễ dàng kiểm tra tài khoản gói cước dịch vụ và nhiều tiện ích khác tải appstore hoặc ch play nha anh ok ok dạ em cám ơn anh tài dạ vâng ạ
881897068939980.mp3,31.92,dạ mobifone xin nghe em xin phép hỗ trợ anh chị ạ à em làm ơn cho em hỏi đăng ký ba g đăng ký là sao vậy anh dạ chị muốn đăng ký cho số đang gọi tổng đài đúng không chị dạ dạ dạ chị muốn đăng ký lại gói cước chín mươi ngàn mình đang xài trước đó hay sao dạ hông cái này chín mươi ngàn hàng tháng đúng hông dạ đúng rồi em thấy gói cước chín mươi ngàn mình đăng ký rồi á chị dạ đăng ký rồi rồi đúng rồi giờ tắt của máy mở mạng là sài được không cần đăng ký thêm nữa ạ dạ rồi cảm ơn em dạ
881897068939981.mp3,53.64,
881897068939982.mp3,71.22,
881897068939983.mp3,84.36,
881897068939984.mp3,112.56,
881897068939985.mp3,20.7,
881897068939986.mp3,70.26,
881897068939987.mp3,15.015,
881897068939988.mp3,3.0,
881897068939989.mp3,98.64,
881897068939990.mp3,70.2,
881897068939991.mp3,96.96,
881897068939992.mp3,60.72,
881897068939993.mp3,11.46,
881897068939994.mp3,34.68,
881897068939995.mp3,74.52,
881897068939996.mp3,12.9675,
881897068939997.mp3,21.06,
881897068939998.mp3,12.285,
881897068939999.mp3,11.6025,
